Attribute21,Attribute4,Attribute1,Attribute9,Attribute8,Attribute20,Attribute5,Attribute23,Attribute3,Attribute10,Attribute7,Attribute22,Attribute13,Attribute2,Attribute17,Attribute15,Attribute12,Attribute18,Attribute11,Attribute14,Attribute24,Attribute19,Attribute6,Attribute16,Class
1,12,1,1,4,0,5,0,4,67,3,0,1,6,0,1,2,1,3,2,1,0,5,0,1
1,60,2,1,2,0,1,0,2,22,2,0,1,48,0,1,1,1,3,1,1,0,3,0,2
1,21,4,1,3,0,1,1,4,49,3,0,2,12,0,1,1,1,3,1,0,0,4,0,1
0,79,1,2,4,0,1,0,2,45,3,0,2,42,0,1,1,0,3,1,1,0,4,0,1
0,49,1,4,4,0,1,0,3,53,3,0,2,24,0,1,2,1,3,1,1,0,3,1,2
0,91,4,4,4,0,5,1,2,35,3,0,2,36,0,1,1,1,3,2,0,0,3,0,1
1,28,4,2,4,0,3,0,2,53,3,0,1,24,0,1,1,1,3,1,1,0,5,0,1
0,69,2,3,2,1,1,0,2,35,3,0,1,36,1,1,1,1,3,2,0,0,3,0,1
1,31,4,1,4,0,4,1,2,61,1,0,1,12,0,1,1,1,3,1,0,0,4,0,1
1,52,2,3,2,0,1,0,4,28,4,0,1,30,0,1,2,1,3,1,0,0,1,1,2
0,13,2,3,1,1,1,0,2,25,2,0,1,12,0,1,1,1,3,1,1,0,2,1,2
0,43,1,2,4,1,1,0,2,24,2,0,1,48,0,1,1,1,3,1,1,0,2,0,2
1,16,2,3,1,0,1,0,2,22,2,0,1,12,0,1,1,1,3,2,1,0,3,0,1
1,12,1,3,4,0,1,1,4,60,3,0,1,24,0,1,2,1,3,1,0,0,5,1,2
0,14,1,3,4,1,1,0,2,28,2,0,1,15,0,1,1,1,3,1,1,0,3,1,1
1,13,1,3,2,0,2,1,2,32,2,0,1,24,0,1,1,1,3,1,0,0,3,0,2
1,24,4,2,4,0,5,0,4,53,3,0,1,24,0,1,2,1,3,1,1,0,5,0,1
1,81,1,3,3,0,5,0,0,25,3,0,1,30,0,1,3,1,1,1,1,0,2,0,1
0,126,2,4,2,0,1,0,2,44,2,0,1,24,1,1,1,1,3,2,0,0,5,0,2
1,34,4,3,2,0,3,0,2,31,3,0,2,24,0,1,1,1,3,2,1,0,5,0,1
1,21,4,3,4,0,1,0,4,48,3,0,1,9,0,1,3,1,3,2,1,0,3,1,1
0,26,1,1,3,1,3,0,2,44,3,0,2,6,0,1,1,1,3,1,1,0,3,0,1
0,22,1,1,3,1,1,1,4,48,3,0,2,10,0,2,2,1,3,1,0,0,2,1,1
1,18,2,2,4,0,2,0,4,44,3,0,1,12,1,1,1,1,3,1,1,0,2,0,1
1,21,4,3,1,0,5,0,4,26,4,0,1,10,0,2,2,1,3,1,1,0,3,0,1
1,14,1,1,2,0,1,1,2,36,3,0,1,6,0,1,1,1,1,2,0,0,3,0,1
1,4,4,3,4,0,1,1,0,39,4,0,1,6,0,1,1,1,3,1,0,0,5,0,1
0,4,3,1,3,1,4,0,1,42,2,0,1,12,0,1,2,1,3,1,1,0,3,0,1
1,24,2,1,2,0,1,0,2,34,3,0,1,7,0,1,1,0,3,1,1,0,3,0,1
1,68,1,4,4,0,1,0,3,63,3,0,1,60,0,1,2,1,3,2,1,0,5,0,2
1,19,2,1,3,0,4,0,2,36,4,0,1,18,0,1,1,1,1,2,1,0,2,0,1
1,40,1,3,2,0,1,0,2,27,3,0,1,24,0,1,1,1,2,1,1,0,3,0,1
1,59,2,3,2,0,2,0,2,30,3,0,1,18,0,1,2,1,3,2,1,0,3,1,1
0,13,4,4,4,1,5,1,4,57,3,0,1,12,0,1,1,1,3,1,0,0,5,0,1
1,15,3,2,1,0,1,0,2,33,2,0,1,12,0,1,1,1,1,2,0,0,2,0,1
1,47,2,2,2,0,1,1,4,25,3,0,1,45,0,1,2,1,3,1,0,0,2,0,2
0,61,4,4,3,0,1,0,4,31,3,0,1,48,0,1,1,1,1,2,1,0,3,0,1
1,21,3,1,2,0,1,0,2,37,3,0,1,18,0,1,1,0,2,1,1,1,3,0,2
1,12,3,3,2,0,1,0,2,37,3,0,1,10,0,1,1,1,3,2,1,0,3,0,1
1,5,2,1,3,0,1,0,2,24,3,0,1,9,0,1,1,1,3,1,1,0,3,0,1
1,23,4,3,2,0,3,0,2,30,3,0,1,30,0,1,1,1,1,1,0,0,5,0,1
1,12,2,3,1,0,3,0,2,26,1,0,1,12,0,1,1,1,3,2,1,0,3,0,1
1,62,2,1,4,0,1,1,3,44,3,0,2,18,0,1,1,1,3,2,0,0,3,0,1
0,62,1,3,4,1,2,0,4,24,4,0,1,30,1,1,2,1,3,1,1,0,4,0,1
0,61,1,4,4,0,1,1,4,58,2,0,1,48,1,1,2,1,2,1,0,0,5,0,2
1,14,4,3,4,0,1,0,4,35,2,0,1,11,0,1,2,1,3,1,0,0,2,1,1
1,23,4,3,4,0,3,0,2,39,3,0,1,36,0,1,1,1,3,1,1,0,5,0,1
0,14,1,2,2,1,3,0,2,23,2,1,1,6,1,1,1,1,3,2,0,0,1,0,1
1,72,4,2,4,0,1,1,4,39,3,0,1,11,0,1,2,1,3,1,0,0,3,1,1
1,21,4,1,2,0,2,0,2,28,2,0,1,12,0,1,1,0,3,1,1,1,3,0,1
1,23,2,2,2,0,5,1,3,29,3,0,1,24,0,1,1,1,1,1,0,0,2,0,1
1,60,2,3,2,0,1,0,3,30,3,0,1,27,1,1,2,1,3,2,0,0,5,0,1
1,13,4,3,2,0,1,0,2,25,3,0,1,12,0,1,1,1,3,1,1,0,3,0,1
1,34,4,2,1,0,5,0,2,31,3,0,1,18,1,1,1,1,3,2,1,0,3,0,1
0,22,2,4,4,0,1,0,3,57,3,0,1,36,0,1,2,1,1,2,1,0,5,1,2
1,8,4,1,2,0,5,1,1,26,3,0,2,6,0,1,1,0,2,1,0,0,3,1,1
1,65,2,4,1,0,5,0,2,52,3,0,1,12,0,1,1,1,3,2,0,0,1,0,2
1,96,4,3,2,0,1,0,4,31,2,0,1,36,0,1,2,1,2,1,1,0,3,0,1
1,20,3,3,2,0,1,0,2,23,2,0,1,18,0,1,1,1,3,1,0,0,5,1,1
0,62,1,4,4,1,1,1,4,23,2,0,1,36,0,1,2,0,3,2,0,1,2,0,2
1,14,2,1,1,0,1,0,2,27,4,0,1,9,0,1,1,1,1,2,1,0,3,0,1
1,15,2,1,4,0,5,0,4,50,3,0,1,15,0,1,2,0,3,2,1,0,5,0,1
0,20,2,4,4,0,1,0,0,61,3,0,1,36,0,1,1,1,3,2,0,0,5,0,2
1,144,2,3,2,0,1,0,0,25,3,0,1,48,0,1,1,1,3,2,1,0,3,0,2
1,32,4,2,4,0,1,0,2,26,2,0,1,24,0,1,1,1,3,2,1,0,2,0,1
1,52,4,2,4,0,5,0,2,48,3,0,2,27,0,1,4,1,3,2,1,0,5,0,1
1,22,4,3,2,0,1,0,2,29,2,0,1,12,0,1,1,1,1,1,1,0,2,0,1
1,10,2,1,1,0,4,0,2,22,4,0,1,12,0,1,1,1,3,1,1,0,3,1,1
0,18,4,4,4,0,1,0,2,37,3,0,1,36,0,1,1,1,2,2,1,0,3,0,2
1,24,4,3,4,0,5,0,2,25,2,0,1,36,0,1,1,1,3,1,1,0,3,0,1
1,81,4,2,2,0,1,0,2,30,2,0,1,36,1,1,1,1,1,1,1,0,3,0,1
0,7,4,2,2,1,5,1,4,46,3,0,1,7,0,1,2,1,3,2,0,0,5,0,1
0,12,1,4,4,0,1,0,4,51,3,0,2,8,0,1,2,1,1,2,0,0,5,0,1
1,60,2,1,1,0,1,1,4,41,2,0,1,42,0,1,2,1,1,1,0,0,4,0,1
1,20,1,4,4,0,5,0,2,40,3,0,1,36,0,1,1,1,3,2,0,0,5,0,2
0,15,1,4,4,0,1,0,4,66,3,0,1,12,1,1,2,1,3,1,0,0,5,0,1
1,40,1,3,3,0,1,0,2,34,3,0,1,42,0,1,1,1,3,1,1,0,2,0,2
1,48,2,2,4,0,1,0,3,51,3,0,1,11,0,1,1,1,3,1,1,0,4,0,1
1,94,4,2,2,0,5,1,0,39,3,0,2,54,1,1,1,1,3,1,0,0,3,0,1
1,38,2,2,1,0,1,0,2,22,4,0,1,30,0,1,1,1,3,1,1,0,2,0,1
1,59,4,3,1,0,5,0,2,44,2,0,1,24,0,1,2,1,3,2,1,0,2,0,2
1,12,4,2,3,0,3,0,2,47,3,0,1,15,0,1,1,1,2,2,1,0,5,0,1
0,16,4,2,4,1,2,1,2,24,2,0,1,18,0,1,1,1,3,1,0,0,3,0,1
1,18,1,1,4,0,1,1,2,58,2,0,1,24,0,1,1,0,3,2,0,0,5,0,1
1,23,1,1,4,0,1,1,2,52,3,0,1,10,0,1,1,1,3,1,0,0,5,0,1
1,14,4,1,2,0,1,0,4,29,2,0,1,12,0,1,2,0,3,2,0,0,3,0,1
1,13,2,2,1,0,1,0,4,27,2,0,1,18,0,1,2,1,3,1,1,0,2,0,1
0,126,2,4,4,0,2,0,2,47,3,0,2,36,0,1,1,1,3,2,1,0,3,0,2
1,22,1,3,3,0,2,0,2,30,3,0,2,18,0,1,1,1,3,2,0,0,4,1,1
1,11,1,1,3,0,1,0,0,28,3,0,1,12,0,1,2,1,3,1,1,0,4,0,2
1,6,4,1,4,0,1,0,4,56,3,0,1,12,0,1,1,1,3,1,1,0,5,0,1
1,14,1,1,3,0,1,0,4,54,3,0,1,12,1,1,1,1,3,1,1,0,5,0,1
1,8,4,2,3,0,5,1,4,33,2,0,2,12,0,1,1,1,1,1,0,0,5,0,2
0,36,3,4,4,1,5,0,4,20,3,0,1,24,0,1,2,0,3,1,1,1,5,0,1
1,13,2,1,4,0,4,0,2,54,3,0,1,12,0,1,1,1,3,2,1,0,5,1,1
0,159,2,4,4,1,1,0,0,58,3,0,1,54,0,1,1,1,3,2,1,0,2,0,2
1,20,4,3,2,0,5,0,4,61,2,0,1,12,0,1,1,1,3,1,1,0,4,0,1
1,26,2,3,4,0,2,0,2,34,3,0,1,18,0,1,1,1,3,1,1,0,3,0,1
1,23,2,1,4,0,1,0,4,36,3,0,1,36,0,1,1,1,3,1,1,0,5,0,1
0,71,2,2,4,1,5,0,3,36,3,0,2,20,1,1,2,1,1,2,0,0,4,0,1
0,15,4,1,4,1,2,1,2,41,4,0,1,24,0,1,1,1,3,1,0,0,5,1,1
0,23,2,3,4,1,1,0,2,24,3,0,1,36,0,1,1,1,3,1,1,0,4,0,1
1,9,4,1,2,0,1,0,3,24,2,0,1,6,0,1,1,1,3,1,1,0,3,0,1
0,19,2,3,3,1,1,0,4,35,3,0,1,9,0,1,1,1,3,2,1,0,4,0,1
0,24,4,3,4,1,5,0,2,26,4,0,1,12,1,1,1,1,3,2,1,0,2,0,1
1,119,2,3,3,0,1,0,4,39,3,0,2,24,0,1,2,0,3,2,0,1,3,0,2
1,65,4,4,4,0,1,0,1,39,3,0,2,18,0,1,2,1,1,2,0,0,5,1,2
1,61,2,3,2,0,1,0,2,32,3,0,1,12,0,1,1,1,3,1,1,0,4,1,1
1,77,1,2,2,0,5,0,2,30,2,0,1,24,0,2,1,1,3,2,1,0,2,0,1
1,14,2,1,2,0,3,0,2,35,4,0,1,14,0,1,1,1,3,2,1,0,5,0,1
1,14,2,3,2,0,2,0,3,31,1,0,2,6,0,1,2,1,1,1,1,0,5,0,1
0,4,3,2,4,1,1,0,2,23,2,0,1,15,0,1,1,1,3,2,1,0,2,0,1
0,63,2,1,3,1,1,1,2,28,3,0,1,18,0,1,1,1,3,1,0,0,4,1,1
1,79,4,1,2,0,1,0,4,25,2,0,1,36,0,1,2,1,2,2,1,0,3,1,2
1,17,1,1,1,0,3,0,2,35,4,0,1,12,0,1,1,1,3,1,1,0,5,0,1
1,36,4,1,1,0,5,0,4,47,3,0,1,48,0,1,1,1,3,2,1,0,5,0,1
1,72,1,3,3,0,5,0,2,30,2,0,1,42,0,1,1,1,3,2,0,0,4,0,2
0,21,1,1,3,1,5,0,4,27,2,0,1,10,0,2,2,0,3,1,1,1,2,0,1
1,43,1,3,4,0,3,0,4,23,2,0,1,33,0,1,2,1,3,1,1,0,3,0,2
1,24,2,3,3,0,3,0,4,36,1,0,1,12,0,1,1,1,3,2,0,0,4,1,1
1,18,1,1,2,0,1,0,2,25,2,0,1,21,0,1,2,1,3,2,1,0,3,0,2
0,39,4,3,2,1,1,0,4,41,2,0,1,24,1,1,2,1,3,2,0,0,5,0,1
0,18,4,1,2,1,1,1,2,24,3,0,1,12,0,1,1,1,3,1,0,0,3,0,1
0,8,3,4,4,0,1,0,4,63,3,0,1,10,0,1,2,1,3,2,1,0,5,1,1
0,19,2,1,3,1,5,0,2,27,2,0,1,18,0,1,1,1,3,1,1,0,2,0,2
1,21,1,2,2,0,1,0,4,30,3,0,1,12,0,1,2,1,3,1,1,0,3,1,1
1,7,1,1,2,0,1,1,2,40,4,0,1,12,0,1,1,1,3,1,0,0,3,0,1
1,6,2,3,2,0,1,0,2,30,3,0,1,12,0,1,1,1,3,1,1,0,3,0,2
1,19,2,3,2,0,1,0,4,34,3,0,1,12,1,1,2,1,3,2,0,0,1,0,1
1,35,1,1,2,0,1,0,4,29,2,0,1,12,0,1,2,0,3,1,1,1,3,1,2
1,85,2,3,2,0,5,0,2,24,2,0,1,48,0,1,1,1,3,1,1,0,4,1,1
1,69,1,2,3,0,1,0,3,29,3,0,1,36,0,1,1,1,2,2,1,0,3,0,2
1,27,4,2,3,0,1,1,2,27,3,0,1,15,0,1,2,1,1,1,0,0,2,0,1
0,20,4,4,4,0,1,0,2,47,3,0,1,18,0,1,2,1,1,1,1,0,3,0,1
1,101,4,1,4,0,2,0,2,21,2,0,1,60,0,1,1,1,3,2,1,0,4,0,1
1,12,4,1,2,0,5,0,4,38,2,0,1,12,0,1,2,1,3,2,1,0,5,0,1
1,86,4,3,2,0,4,0,3,27,3,0,1,27,1,1,2,1,3,1,1,0,3,0,1
1,8,2,1,3,0,3,1,2,66,3,0,1,12,0,1,1,1,3,1,0,0,3,0,2
1,27,2,1,2,0,5,0,4,35,3,0,1,15,0,1,3,0,1,2,1,0,4,0,1
0,19,3,3,2,1,1,1,2,44,2,0,1,12,0,1,1,1,3,2,0,0,3,0,1
1,7,3,1,2,0,4,0,2,27,4,1,1,6,0,2,1,1,3,1,0,0,2,1,1
1,48,2,4,1,0,1,0,2,30,2,0,1,36,0,1,1,1,3,2,0,0,2,0,1
1,34,1,3,2,0,1,0,2,27,3,0,1,27,0,1,1,1,3,1,0,0,3,0,1
1,25,1,3,2,0,1,0,2,22,3,0,1,18,0,1,1,1,3,1,1,0,3,0,2
1,23,4,2,4,0,1,0,4,23,2,0,1,21,0,1,1,1,3,2,1,0,2,0,1
1,36,2,3,2,0,2,0,1,30,3,0,1,48,0,1,1,1,3,1,1,0,4,0,1
1,9,1,4,4,0,1,0,4,39,2,0,1,6,0,1,2,1,3,2,1,0,5,1,1
1,7,4,3,3,0,2,0,4,51,2,0,1,12,0,1,2,1,3,2,1,0,4,1,1
1,54,1,2,2,0,1,0,4,28,3,0,1,36,0,1,2,0,3,1,1,0,3,0,1
1,16,4,3,4,0,4,0,4,46,3,0,1,18,0,1,2,1,3,1,1,0,5,0,1
0,13,4,4,4,0,2,0,2,42,3,0,2,6,0,1,1,1,1,2,1,0,5,0,1
1,19,4,2,4,0,1,0,2,38,3,0,1,10,0,2,1,1,3,2,1,0,3,0,1
1,58,3,3,1,0,1,0,2,24,3,0,1,36,0,1,1,1,3,1,1,0,3,0,1
0,78,2,4,4,1,4,0,4,29,2,0,1,24,1,1,1,1,3,1,1,0,5,0,1
0,70,2,3,4,1,2,0,3,36,3,0,1,24,0,1,1,1,3,2,0,0,4,0,1
0,13,1,3,4,1,1,0,2,20,2,0,1,12,0,1,1,1,3,1,1,0,3,0,2
1,13,1,1,4,0,2,0,4,48,3,0,2,9,0,2,2,0,3,1,1,0,5,0,1
1,3,1,3,1,0,1,1,1,45,4,0,1,12,0,1,1,1,1,1,0,0,5,0,1
1,35,2,3,3,0,2,0,2,38,3,0,1,24,0,1,2,1,1,2,1,0,4,1,1
1,19,4,1,2,0,5,1,4,34,3,0,2,6,0,1,2,1,3,1,0,0,3,0,1
1,29,4,1,4,0,2,0,4,36,3,0,2,24,0,1,1,1,3,2,1,0,5,0,1
1,11,4,2,1,0,1,0,4,30,2,0,1,18,0,1,2,1,3,1,1,0,2,1,1
1,13,4,2,3,0,3,0,2,36,3,0,1,15,0,1,2,1,3,2,1,0,4,0,1
0,73,2,4,4,0,1,0,2,70,3,0,1,10,0,1,1,1,1,2,0,0,1,1,1
1,9,4,2,4,0,3,0,2,36,3,0,1,36,0,1,1,1,3,1,1,0,5,1,1
1,30,4,3,2,0,3,0,2,32,3,0,1,6,0,1,1,1,3,2,1,0,3,0,1
1,11,1,3,2,0,1,0,2,33,2,0,1,18,0,1,1,1,3,1,1,0,1,0,2
1,16,2,1,1,0,4,0,2,20,2,0,1,11,0,1,1,1,3,1,1,0,2,0,1
0,40,4,2,4,1,1,0,2,25,2,0,1,24,0,1,1,1,3,2,1,0,4,0,1
1,19,2,1,4,0,1,0,4,31,1,0,1,24,0,1,2,1,3,2,1,0,5,0,2
0,10,1,3,3,1,1,0,0,33,3,0,2,15,0,1,2,1,3,1,1,0,5,1,2
1,8,4,1,1,0,1,0,2,26,2,0,1,12,0,1,1,1,3,2,1,0,3,0,1
1,21,2,2,2,0,1,0,3,34,2,0,1,24,0,1,1,1,3,2,0,0,1,0,2
1,14,2,1,2,0,1,0,2,33,3,0,1,8,0,2,1,0,3,1,1,0,3,0,1
1,34,1,2,1,0,1,0,3,26,3,0,1,21,0,1,2,1,3,1,1,0,2,0,2
1,75,4,1,1,0,5,0,1,53,2,0,1,30,1,1,1,1,1,2,0,0,1,0,2
1,26,1,3,1,0,1,0,2,42,1,0,1,12,0,1,1,1,3,1,1,0,3,0,1
1,3,1,3,4,0,3,0,4,52,3,0,1,6,0,1,2,1,3,1,1,0,5,0,1
0,20,4,3,2,1,1,0,2,31,3,0,2,12,0,1,2,1,3,2,0,0,4,0,1
1,6,1,1,4,0,1,0,4,65,3,0,1,21,0,1,2,1,3,1,1,0,5,1,1
1,96,4,3,1,0,1,0,3,28,1,0,1,36,0,1,2,1,3,1,1,0,2,0,2
1,45,2,1,2,0,1,0,3,30,1,0,1,36,0,1,2,1,2,2,0,0,3,0,2
1,16,1,2,2,0,5,1,1,40,3,0,2,21,0,1,2,1,3,1,0,0,3,1,2
1,38,4,1,4,0,4,0,4,50,3,0,1,24,0,1,1,1,3,2,1,0,3,0,1
1,9,2,3,4,0,1,0,4,36,3,0,2,18,0,1,1,1,1,2,1,0,5,1,2
1,14,4,2,2,0,1,0,4,31,3,0,1,15,0,1,2,1,3,1,1,0,3,0,1
0,51,2,4,4,0,1,0,1,74,2,0,2,9,1,1,1,1,1,2,0,0,5,0,2
0,12,2,3,3,0,1,0,4,68,3,1,1,16,0,1,3,1,3,2,0,0,1,1,1
1,7,1,2,1,0,2,0,2,20,4,0,1,12,0,1,1,1,3,1,1,0,4,0,2
1,32,2,3,4,0,1,0,0,33,2,0,1,18,0,1,2,1,1,2,1,0,3,0,1
1,46,4,2,3,0,4,0,2,54,3,0,1,24,0,1,3,1,3,2,0,0,3,0,2
0,38,2,4,4,0,2,1,0,34,3,0,2,48,0,1,1,1,3,1,0,0,4,0,2
1,39,2,3,2,0,1,0,2,36,3,0,2,27,0,1,1,1,3,2,1,0,3,0,2
0,21,4,1,2,1,1,0,2,29,4,0,1,6,0,1,1,1,3,1,1,0,4,0,1
0,30,2,2,4,1,2,0,2,21,3,0,1,45,0,1,1,0,3,1,1,0,3,0,2
1,15,2,3,3,0,1,0,4,34,2,0,1,9,0,1,2,1,3,2,0,0,5,0,2
1,14,4,3,1,0,1,0,4,28,2,0,1,6,0,1,2,1,3,2,1,0,3,0,1
0,10,2,3,4,1,2,0,2,27,2,0,1,12,0,1,4,1,1,1,1,0,2,0,2
0,28,2,4,4,0,5,0,2,36,3,0,1,24,1,1,1,1,1,2,1,0,5,0,1
1,43,2,4,3,0,1,0,3,40,1,0,1,18,0,1,1,1,3,2,0,0,5,0,2
1,9,4,3,2,0,3,0,4,52,3,0,1,9,0,1,2,1,3,2,1,0,5,0,1
1,12,1,1,3,0,1,1,2,27,4,0,1,12,0,1,1,1,3,1,0,0,3,1,1
1,51,4,3,4,0,1,0,3,26,3,0,1,27,0,1,2,1,3,1,1,0,4,0,1
0,9,1,2,4,1,1,0,2,21,4,0,1,12,0,1,1,1,3,1,1,0,4,0,2
1,15,4,1,1,0,1,1,4,38,3,0,2,12,0,1,2,1,3,1,0,0,5,1,1
0,106,1,4,4,0,1,0,4,38,3,0,2,30,1,1,3,1,3,2,0,0,5,0,1
1,19,4,1,4,0,1,0,4,43,3,0,1,12,0,1,3,1,3,2,1,0,5,0,1
1,14,2,2,3,0,1,0,4,26,3,0,1,12,0,1,1,1,3,1,1,0,4,0,1
1,66,1,3,2,0,1,1,2,21,4,0,1,24,0,1,1,1,2,1,0,0,3,0,1
1,14,4,2,2,0,4,0,2,55,3,0,1,12,1,2,1,1,3,1,1,0,4,0,1
1,31,4,1,2,0,5,0,4,33,3,0,2,9,0,1,2,1,3,1,1,0,3,0,1
1,38,4,1,4,0,5,1,2,45,2,0,1,36,0,1,1,1,3,2,0,0,5,0,1
1,53,1,2,4,0,1,0,0,50,3,0,1,27,0,1,2,1,2,2,1,0,1,0,2
1,19,3,1,4,0,1,0,3,66,3,0,1,30,0,1,1,1,3,2,0,0,5,0,2
1,33,4,3,2,0,5,0,4,51,3,0,1,36,0,1,1,1,3,2,1,0,5,0,1
1,9,2,2,3,0,5,1,4,39,2,0,1,6,0,1,2,1,3,1,0,0,4,0,1
1,31,1,2,1,0,1,0,0,31,3,0,1,18,0,1,1,1,1,2,1,0,4,0,1
1,39,3,1,2,0,1,0,2,23,3,0,1,36,0,1,1,1,3,2,1,0,3,0,1
0,30,1,1,2,1,1,1,2,24,1,0,1,24,0,1,1,1,3,1,0,0,3,0,1
1,14,4,3,4,0,1,0,2,64,2,0,1,10,0,1,1,1,3,2,1,0,3,1,1
1,6,2,1,1,0,1,1,2,26,4,0,1,12,0,1,1,0,1,1,0,0,2,0,1
0,12,1,2,4,1,5,0,2,23,2,0,1,12,0,1,1,1,1,2,1,0,3,0,1
1,7,4,1,2,0,1,0,2,30,3,0,1,12,0,1,2,1,1,1,1,0,3,0,1
1,30,4,1,4,0,5,0,3,32,3,0,2,24,0,1,2,1,3,2,1,0,3,0,1
1,47,4,3,2,0,1,0,2,30,3,0,1,15,1,1,1,1,3,2,1,0,3,0,1
1,26,4,3,2,0,1,0,0,27,3,0,1,36,0,1,2,1,3,1,1,0,3,0,1
1,110,2,4,2,0,4,0,2,27,3,0,1,48,0,1,2,0,1,2,1,1,4,0,2
0,79,1,4,4,0,1,0,2,53,3,0,1,12,0,1,1,1,3,2,0,0,5,0,2
1,15,4,3,2,0,1,0,2,22,3,0,1,9,0,1,1,1,3,1,1,0,4,0,2
0,31,1,4,1,0,1,0,2,22,3,0,1,24,0,1,1,1,1,1,1,0,2,0,1
1,42,3,3,2,0,1,0,2,26,3,0,1,36,0,1,1,1,3,1,1,0,3,0,2
0,25,4,4,4,0,3,1,2,51,3,0,1,9,0,1,1,1,3,1,0,0,5,1,1
1,21,4,4,1,0,2,0,2,35,3,0,1,12,0,1,1,1,3,1,1,0,4,0,1
1,9,2,1,2,0,1,1,2,25,4,0,1,18,0,1,1,0,3,1,0,0,3,0,1
1,15,4,1,1,0,1,1,4,42,3,0,2,4,0,1,3,1,3,1,0,0,4,0,1
1,18,1,3,2,0,1,0,2,30,3,0,2,24,0,1,1,1,2,1,0,0,1,0,2
1,146,2,2,2,0,5,0,2,23,3,1,1,6,0,1,1,1,3,2,0,0,1,1,2
0,28,2,3,2,1,2,1,2,61,1,0,1,21,0,1,2,1,1,1,0,0,5,0,2
1,13,4,2,2,0,1,0,4,35,2,0,1,12,0,1,2,1,3,1,1,0,3,0,1
1,25,1,2,3,0,1,0,2,39,3,0,2,30,0,1,1,0,3,1,1,0,5,0,1
1,9,1,3,2,0,5,0,2,29,2,0,1,24,0,1,1,1,1,1,1,0,5,1,2
1,16,4,2,2,0,1,0,2,51,3,0,2,6,0,1,1,1,3,1,1,0,4,0,1
0,46,1,4,4,0,1,0,0,24,3,0,2,48,1,1,2,1,3,1,1,0,5,0,2
1,12,4,1,2,0,1,0,4,27,2,0,1,12,0,1,2,1,3,1,1,0,3,0,1
1,34,4,1,3,0,3,1,1,35,2,0,2,12,0,1,1,1,3,1,0,0,3,0,1
1,13,4,1,1,0,1,0,2,25,3,0,1,24,0,1,1,1,3,2,1,0,4,0,1
1,7,4,1,4,0,1,0,4,52,3,0,1,12,0,1,3,1,3,1,1,0,5,0,1
0,12,4,4,1,1,2,0,0,35,3,0,1,6,0,2,1,1,1,1,1,0,3,1,1
1,19,3,1,2,0,1,0,2,26,3,0,1,24,0,1,1,1,3,1,1,0,3,0,1
0,4,4,1,4,1,1,0,2,22,2,0,1,18,0,1,1,0,3,1,1,1,1,0,2
1,7,1,1,4,0,4,1,4,39,2,0,1,6,0,1,2,1,3,2,0,0,4,1,1
1,23,3,3,2,0,1,1,2,46,2,0,1,12,0,1,1,1,3,1,0,0,3,0,1
1,22,2,4,2,0,1,0,2,24,2,0,1,30,0,1,1,0,1,1,1,0,3,1,2
1,42,4,2,3,0,2,0,3,35,3,0,1,24,0,1,2,1,3,1,1,0,3,0,1
1,20,2,3,1,0,5,0,2,24,3,0,1,9,0,1,1,1,3,2,1,0,4,0,1
1,74,2,1,1,0,5,1,3,27,3,0,1,60,0,1,1,1,3,1,0,0,3,0,1
1,27,4,1,2,0,1,1,4,35,3,0,1,24,0,1,2,1,3,1,0,0,3,0,1
0,21,1,4,1,0,1,0,1,29,1,0,1,12,0,1,1,1,3,1,1,0,3,0,2
1,38,4,3,4,0,2,0,2,23,2,0,1,15,1,1,1,1,3,2,1,0,2,0,1
1,12,4,1,4,0,2,1,4,57,2,0,1,11,0,1,3,1,3,1,0,0,1,0,1
1,17,1,1,2,0,1,0,2,27,3,0,1,12,0,1,1,1,3,1,1,0,3,0,1
1,16,1,3,4,0,1,0,2,55,2,0,1,24,0,1,1,1,3,1,1,0,5,0,1
0,53,1,4,4,0,1,0,4,36,3,0,1,18,0,1,3,1,3,2,0,0,5,1,1
0,27,4,4,4,0,1,1,4,57,2,0,1,12,0,1,3,1,1,1,0,0,5,0,1
1,12,4,1,4,0,1,1,4,32,3,0,2,10,0,2,2,1,3,1,0,0,5,1,1
1,8,2,3,3,0,1,0,2,37,3,0,2,15,0,1,1,1,3,1,1,0,5,0,2
1,63,4,1,4,0,5,0,4,36,3,0,1,36,0,1,2,1,3,1,1,0,5,0,1
1,15,4,3,3,0,1,0,2,38,2,0,1,24,0,1,1,1,2,2,1,0,2,0,1
1,90,1,2,4,0,1,0,2,45,1,0,1,14,0,2,1,1,3,2,0,0,5,1,2
1,10,4,3,2,0,5,0,2,25,3,0,1,24,0,1,2,1,3,1,1,0,5,0,1
1,27,4,2,3,0,5,0,2,32,3,0,1,18,0,2,1,1,3,1,1,0,4,1,1
0,14,4,3,4,1,3,0,4,37,2,0,1,12,0,1,1,1,3,2,1,0,4,0,1
0,122,2,4,4,0,5,0,1,36,3,0,1,48,0,1,1,0,3,2,0,1,1,1,1
1,31,2,1,4,0,1,0,2,28,3,0,1,48,0,1,2,1,3,1,1,0,4,0,2
1,120,1,4,1,0,1,1,2,34,1,0,1,30,0,1,1,1,3,2,0,0,2,0,2
1,27,4,1,2,0,1,0,2,32,3,0,2,9,0,1,1,1,3,1,1,0,3,0,1
1,24,4,3,2,0,1,0,4,26,2,0,1,18,0,1,2,1,3,1,1,0,3,0,1
1,13,1,2,4,0,5,1,2,49,1,0,1,12,0,1,1,1,3,2,0,0,5,0,1
1,46,4,2,4,0,1,0,2,32,2,0,1,6,0,1,1,1,3,1,1,0,2,0,2
0,19,4,3,4,1,2,0,2,29,3,0,1,24,0,1,1,1,3,2,0,0,3,0,1
0,34,4,4,4,1,4,0,4,23,3,0,1,15,1,1,2,1,3,2,1,0,5,0,1
1,16,4,1,2,0,1,0,2,50,3,0,1,12,0,1,1,1,3,1,1,0,3,0,1
1,14,3,3,4,0,5,1,1,49,3,0,1,18,0,1,1,1,1,1,0,0,4,0,1
1,15,4,2,4,0,5,0,4,63,3,0,1,15,0,1,1,1,3,1,1,0,5,0,1
1,39,2,3,2,0,2,0,4,37,1,0,1,24,0,1,1,1,3,2,1,0,2,1,1
1,107,1,1,1,0,1,1,2,35,2,0,1,47,0,1,1,1,3,2,0,0,2,1,1
1,48,1,2,3,0,1,0,2,26,3,0,2,48,1,1,1,1,3,1,1,0,4,0,1
0,76,2,4,4,0,2,0,3,31,3,0,1,48,0,1,1,1,3,2,0,0,1,0,1
1,11,2,1,4,0,1,0,2,49,2,0,1,12,0,1,2,0,3,2,1,0,3,0,1
1,10,1,1,4,0,1,0,3,48,4,0,1,24,0,1,1,1,2,1,1,0,2,0,2
1,11,4,1,2,0,1,0,2,26,4,0,1,12,0,2,1,1,3,2,1,0,3,0,1
0,94,2,3,4,1,1,0,2,28,4,0,1,36,1,1,1,1,3,2,0,0,2,0,2
0,64,1,4,4,0,1,0,4,44,2,0,2,24,1,1,2,1,3,2,0,0,5,0,1
0,48,3,4,4,0,1,0,4,56,3,0,1,42,1,1,1,1,3,1,1,0,5,0,1
1,76,4,3,2,0,5,0,4,46,1,0,2,48,0,1,2,1,1,1,0,0,5,0,1
1,100,2,3,2,0,1,0,2,26,2,0,1,48,0,1,1,1,3,2,1,0,2,0,2
0,47,4,3,4,1,5,0,2,20,2,0,1,12,1,1,1,1,3,1,1,0,2,0,1
1,13,4,2,2,0,5,1,2,45,3,0,1,10,0,2,1,0,3,1,0,1,5,1,1
1,25,4,1,4,0,1,0,2,43,3,0,1,18,0,1,1,1,3,2,1,0,3,0,1
1,27,2,3,2,0,4,0,4,32,3,0,1,21,0,1,2,1,3,2,1,0,4,0,1
1,7,4,1,4,0,1,0,2,54,2,1,1,6,0,1,1,1,3,2,0,0,1,1,1
1,38,2,3,1,0,1,0,0,42,2,0,1,36,0,1,1,1,3,2,1,0,3,0,2
1,13,3,1,2,0,5,1,4,37,3,0,2,24,0,1,2,1,1,1,0,0,4,1,2
1,10,1,2,3,0,1,0,4,49,3,0,1,10,0,1,2,0,3,2,1,1,4,1,1
0,101,4,4,2,0,3,0,4,44,3,0,1,48,0,1,1,1,1,1,1,0,3,1,2
1,15,4,1,2,0,4,0,2,33,1,0,1,6,0,1,1,1,3,1,1,0,3,0,1
0,48,4,2,4,1,5,1,2,24,2,0,1,30,1,1,1,1,2,1,0,0,4,0,1
1,7,1,4,3,0,2,1,2,33,4,0,1,12,0,1,1,1,3,2,0,0,2,0,2
1,12,2,1,4,0,1,0,2,24,2,0,1,8,0,1,1,1,3,1,1,0,3,0,2
0,3,2,1,4,1,1,1,2,22,4,0,1,9,0,1,1,1,3,1,0,0,3,1,1
0,54,2,4,4,0,5,0,2,40,3,1,1,48,0,1,1,1,1,2,0,0,1,0,1
1,55,4,3,1,0,2,0,2,25,3,0,1,24,0,1,1,1,2,1,1,0,3,0,1
1,37,3,3,4,0,1,0,2,26,2,0,1,24,0,1,1,1,3,1,1,0,2,0,1
1,7,2,3,3,0,1,1,2,25,4,0,1,12,0,1,1,1,1,1,0,0,4,1,2
1,15,3,1,2,0,5,1,2,29,3,0,2,4,0,2,1,1,3,1,0,0,2,1,1
1,27,1,3,4,0,1,0,1,31,3,0,1,36,0,1,1,1,1,1,1,0,5,0,2
1,7,1,2,3,0,1,1,2,38,3,0,2,12,0,1,1,0,3,1,0,0,3,0,1
1,44,2,2,4,0,5,1,2,48,2,0,1,24,0,1,1,1,3,2,0,0,3,0,1
1,7,4,3,2,0,1,0,4,32,3,0,1,12,0,1,2,1,3,1,1,0,3,0,1
1,36,1,2,4,0,1,1,3,27,2,0,1,15,0,1,2,1,3,1,0,0,5,0,1
1,42,2,3,2,0,1,0,4,28,4,0,1,30,0,1,2,1,3,1,0,0,1,1,2
1,19,1,2,3,0,1,0,2,32,1,0,1,24,0,1,1,1,3,1,1,0,2,0,2
0,29,1,4,1,0,1,0,2,34,3,0,1,24,1,1,1,1,3,2,0,0,4,0,1
1,27,1,3,2,0,4,0,2,28,3,0,1,18,0,1,1,1,3,1,1,0,3,0,1
1,10,4,1,3,0,1,0,4,36,2,0,1,18,0,1,2,1,3,1,1,0,3,1,1
1,34,1,1,4,0,1,1,4,39,3,0,1,8,0,2,2,1,3,1,0,0,4,1,1
0,58,4,2,4,1,5,0,4,49,3,0,1,12,0,1,1,1,3,2,1,0,5,0,1
1,15,4,3,3,0,4,0,2,34,2,0,2,24,0,1,1,1,3,2,1,0,4,1,1
1,45,3,3,2,0,1,0,2,31,3,0,1,36,0,1,1,1,3,1,1,0,5,0,1
1,11,2,3,4,0,1,0,2,28,3,0,2,6,0,1,1,1,3,1,1,0,5,0,1
0,66,1,4,4,0,1,0,4,75,3,0,1,24,1,1,2,1,3,2,0,0,1,0,1
1,19,4,1,2,0,2,0,4,30,2,0,1,18,0,1,2,1,3,1,1,0,3,0,2
1,74,2,2,2,0,2,0,2,24,2,0,1,60,0,1,1,1,3,1,0,0,2,1,2
0,116,4,3,4,1,2,1,4,24,2,0,1,48,1,1,2,1,1,1,0,0,3,0,2
0,41,1,4,4,1,1,0,0,23,3,0,2,24,0,1,2,1,1,1,1,0,5,0,2
0,34,1,1,4,1,1,0,4,44,1,0,1,6,0,1,1,1,3,2,0,0,3,0,2
1,21,2,2,4,0,1,1,2,23,2,0,1,13,0,1,1,0,3,1,0,0,2,0,1
0,13,1,3,2,1,5,0,2,24,2,0,1,15,0,1,1,1,3,1,1,0,3,0,2
1,42,1,2,4,0,1,0,2,28,3,0,1,24,0,1,1,1,3,1,1,0,3,0,1
1,15,2,3,2,0,1,1,2,31,1,0,1,10,0,1,1,1,3,1,0,0,3,0,1
0,57,2,4,4,0,1,0,4,24,2,0,1,24,0,1,2,1,3,2,1,0,2,0,1
0,36,1,3,4,1,1,1,2,26,2,0,1,21,0,1,1,1,3,1,0,0,4,0,1
0,32,2,1,3,1,3,0,2,25,4,0,1,18,0,1,1,1,3,1,1,0,2,0,1
1,44,2,1,1,0,1,0,2,33,3,0,1,18,0,1,1,0,1,2,0,1,5,0,1
1,39,3,2,1,0,1,1,2,37,3,0,2,10,0,1,1,0,3,1,0,0,2,1,1
1,15,4,3,2,0,1,1,4,43,2,0,1,15,0,1,1,1,3,1,0,0,3,0,1
1,9,2,1,4,0,1,0,4,23,3,0,1,13,0,1,2,0,3,1,1,0,2,0,1
0,38,2,4,4,1,3,0,2,23,2,1,1,24,0,1,1,1,3,1,0,0,1,0,1
1,17,4,1,2,0,2,1,3,34,3,0,1,6,0,1,2,1,3,1,0,0,3,0,1
0,11,2,4,3,0,4,0,4,32,3,0,2,9,0,1,2,1,3,1,1,0,5,0,2
0,12,4,1,4,1,1,0,2,23,2,0,1,9,0,1,1,1,3,2,1,0,2,0,1
1,10,2,3,2,0,1,0,2,29,2,0,1,9,0,2,1,1,3,1,1,0,3,0,2
1,32,4,4,4,0,5,0,4,38,3,0,1,18,1,1,1,1,3,2,0,0,1,0,1
0,62,1,2,2,1,1,0,0,28,3,0,1,12,0,1,2,1,3,2,1,0,3,0,2
0,7,4,4,4,0,3,0,2,46,3,0,1,10,0,1,1,1,3,2,1,0,5,0,1
1,12,2,1,2,0,1,1,2,23,3,0,1,24,0,1,1,1,2,1,0,0,2,1,2
1,23,4,1,4,0,5,0,4,49,3,0,1,12,0,1,1,0,3,2,1,1,5,0,1
1,45,4,3,2,0,1,0,3,26,3,0,1,36,0,1,2,1,3,2,0,0,3,0,2
1,8,4,1,2,0,1,0,2,28,4,0,1,12,0,1,1,1,3,1,1,0,3,0,1
0,24,1,1,4,1,1,0,2,23,2,0,1,30,0,1,1,1,3,1,1,0,4,0,2
0,12,2,4,4,0,5,0,2,61,3,0,1,18,0,1,1,1,3,1,1,0,3,0,1
1,34,3,3,3,0,5,0,2,37,3,0,1,12,0,1,1,1,3,1,0,0,5,0,1
1,22,3,3,2,0,1,0,3,36,2,0,1,12,0,1,2,1,2,2,1,0,3,1,1
0,18,4,2,2,1,1,0,2,21,4,0,1,6,0,1,1,1,3,1,1,0,3,0,1
1,25,1,3,1,0,1,0,2,25,3,1,1,18,0,1,1,1,3,1,0,0,1,0,2
1,15,4,3,4,0,1,0,2,36,3,0,1,12,0,1,1,1,3,2,1,0,4,0,1
1,38,4,3,1,0,1,0,4,27,3,0,1,18,1,1,2,1,3,1,1,0,4,0,1
0,36,1,3,4,1,1,0,2,22,2,0,1,18,0,1,1,1,3,1,1,0,2,0,1
1,34,1,3,2,0,1,0,2,42,3,0,2,36,0,1,1,1,3,1,1,0,5,0,2
0,30,2,1,4,1,1,0,2,40,2,0,1,18,0,1,1,1,3,1,1,0,4,0,1
1,31,4,1,4,0,5,0,2,36,3,0,1,36,0,1,1,1,3,1,1,0,3,1,1
1,61,4,3,4,0,1,0,4,33,3,0,1,18,0,1,2,1,3,2,1,0,5,0,1
0,21,4,1,3,1,1,0,4,23,2,0,1,10,0,1,2,1,3,1,1,0,2,0,1
0,138,4,4,4,0,5,0,4,63,3,0,1,60,0,1,1,1,1,2,0,0,5,1,1
0,148,2,4,4,0,2,0,1,60,2,0,1,60,0,1,2,1,1,2,0,0,5,0,2
0,77,1,3,4,1,1,0,1,37,2,0,1,48,0,1,1,0,3,1,1,0,4,0,2
1,23,4,1,3,0,1,0,3,34,4,0,1,18,0,1,2,1,3,1,1,0,1,0,1
0,8,4,4,4,0,5,0,3,36,3,0,1,7,0,1,1,1,3,1,1,0,5,0,1
0,143,2,4,2,0,1,0,2,57,3,0,1,36,0,1,1,1,3,2,0,0,5,1,2
1,4,4,3,4,0,2,1,4,52,2,0,1,6,0,1,2,1,3,1,0,0,3,1,1
1,22,1,3,4,0,5,0,2,39,3,0,1,20,0,1,1,1,3,2,1,0,4,0,1
0,130,2,4,4,0,1,0,2,38,2,0,1,18,1,1,1,1,3,2,0,0,1,0,2
0,13,4,2,4,1,5,0,2,25,2,0,1,22,0,1,1,1,3,1,1,0,4,1,1
1,13,3,1,1,0,1,0,2,26,3,0,1,12,0,1,1,1,3,1,1,0,2,1,1
1,43,4,2,2,0,2,1,3,26,3,0,1,30,0,1,2,1,3,1,0,0,3,0,1
1,22,4,3,1,0,1,0,4,25,2,0,1,18,0,1,2,1,3,1,1,0,3,0,1
0,11,4,1,2,1,5,0,2,21,2,0,1,18,0,1,1,1,3,2,1,0,2,0,1
1,74,2,2,4,0,1,0,4,40,3,0,1,18,0,1,2,1,2,2,0,0,1,0,1
1,23,2,3,4,0,3,0,4,27,3,0,1,15,0,1,1,1,1,1,1,0,3,0,1
1,14,4,3,2,0,1,0,2,27,2,0,1,9,0,1,2,1,3,1,1,0,4,0,1
1,18,4,2,2,0,1,0,2,30,4,0,1,18,0,1,1,1,3,2,0,0,3,1,1
0,10,2,1,4,1,4,1,2,19,2,0,1,12,0,1,1,1,3,1,0,0,2,0,1
0,32,1,4,4,0,1,0,2,39,3,0,2,36,0,1,1,1,1,2,0,0,4,1,1
1,20,1,3,4,0,1,0,4,31,2,0,1,6,0,1,1,1,3,1,1,0,4,0,1
1,24,4,3,3,0,1,0,4,31,3,0,1,9,0,1,1,1,3,1,0,0,1,0,1
0,118,2,4,3,1,2,0,3,32,3,0,1,39,0,1,1,1,3,2,1,0,4,0,1
0,26,1,4,4,0,1,0,2,55,2,0,1,12,0,1,1,1,3,1,0,0,1,0,1
1,23,1,2,2,0,1,0,4,46,4,0,1,36,0,1,2,1,3,2,1,0,3,0,1
0,12,2,1,1,1,1,0,2,46,1,0,1,12,0,1,2,1,3,1,1,0,5,1,2
1,15,4,1,1,0,4,1,4,43,2,0,1,24,0,1,2,1,3,1,0,0,3,0,1
1,15,4,1,4,0,1,0,2,39,4,0,1,18,0,1,1,1,3,2,1,0,2,0,1
1,19,2,1,4,0,5,0,4,28,4,0,1,18,0,1,2,1,1,1,1,0,3,0,1
1,86,4,3,2,0,1,0,3,27,3,0,1,24,0,1,2,1,1,2,1,0,2,0,2
1,8,4,3,2,0,1,1,3,27,3,0,1,14,0,1,2,1,3,1,0,0,3,1,1
1,29,2,3,4,0,5,0,3,43,3,0,2,18,0,1,1,1,3,1,1,0,5,1,1
1,20,2,2,1,0,1,0,2,22,4,0,1,24,0,1,1,1,3,2,1,0,2,0,2
1,22,4,3,4,0,5,0,4,43,3,0,2,24,1,1,2,1,3,2,1,0,4,0,1
1,11,1,1,2,0,1,0,2,27,4,0,1,15,0,2,1,1,3,1,1,0,2,0,1
1,32,4,3,2,0,3,0,2,26,1,0,1,24,0,1,1,1,3,2,0,0,5,0,1
1,9,3,1,2,0,3,0,4,28,4,0,1,12,0,1,3,1,3,2,1,0,4,1,2
1,20,2,3,4,0,1,0,2,20,2,0,1,24,0,1,1,1,3,2,1,0,5,0,1
1,73,4,3,2,0,1,0,4,35,3,0,1,33,1,1,2,1,3,2,0,0,4,0,1
1,23,4,3,2,0,1,0,4,42,3,0,1,12,0,1,2,1,2,2,0,0,1,0,2
0,16,4,4,2,1,3,1,2,40,3,0,2,10,0,2,1,1,3,1,0,0,3,1,1
1,14,1,2,2,0,5,0,2,35,2,0,1,24,0,1,1,1,3,1,1,0,3,1,2
1,58,4,2,2,0,1,0,4,35,3,0,2,36,1,1,2,1,3,2,1,0,5,0,1
1,26,1,1,1,0,1,1,2,33,3,0,2,12,0,1,1,1,3,1,0,0,2,1,2
0,85,1,3,2,1,5,0,3,23,2,0,1,18,0,1,2,1,3,2,1,0,3,0,1
1,28,4,3,2,0,3,0,2,31,2,0,1,21,0,1,1,1,1,1,0,0,4,1,1
1,10,2,2,2,0,5,0,2,33,2,0,1,18,0,1,1,1,3,1,1,0,3,1,2
0,32,4,3,3,1,4,0,2,20,2,0,1,15,0,1,1,1,3,1,1,0,4,1,1
1,20,2,3,2,0,5,0,2,30,3,0,1,12,1,1,1,1,3,1,1,0,3,0,1
1,10,2,1,3,0,1,1,4,47,3,0,2,12,0,1,2,1,3,1,0,0,4,1,1
1,16,4,1,3,0,2,0,3,34,3,0,1,21,0,1,2,1,3,1,0,0,4,0,1
1,28,2,2,2,0,5,0,2,25,2,0,1,12,0,1,1,1,1,2,1,0,5,0,2
0,28,2,3,3,1,1,0,2,21,4,0,1,18,1,1,1,1,3,2,1,0,3,0,1
1,27,4,3,2,0,1,0,4,29,3,0,1,28,0,1,2,1,3,1,1,0,5,0,1
1,11,4,1,3,0,4,0,4,46,3,0,1,18,0,1,2,1,3,1,1,0,3,0,1
1,13,4,3,4,0,1,0,2,20,3,0,1,9,0,1,1,1,3,1,1,0,5,0,1
0,12,1,4,4,0,1,0,4,55,2,1,2,18,0,1,3,1,3,1,0,0,1,0,2
1,34,4,1,4,0,1,1,2,74,3,0,1,5,0,1,1,1,3,1,0,0,4,0,1
1,113,2,3,3,0,1,0,2,29,3,0,1,24,0,1,2,0,1,2,0,1,3,0,2
0,19,1,4,4,0,1,0,4,36,3,0,1,6,0,1,3,1,3,2,0,0,1,0,1
1,21,4,1,2,0,1,0,4,33,1,0,1,24,0,1,2,1,3,2,1,0,3,0,1
1,21,1,1,2,0,1,0,2,25,3,0,1,9,0,1,1,1,3,1,1,0,3,0,1
1,15,2,1,1,0,5,0,2,25,4,0,1,12,0,1,1,1,3,2,1,0,3,0,2
0,7,4,1,4,1,3,1,2,23,4,0,1,6,0,1,1,1,3,1,0,0,4,0,1
1,13,4,1,4,0,4,0,4,37,2,0,1,24,0,1,2,1,3,2,1,0,5,1,1
1,34,1,3,4,0,1,0,4,65,3,1,1,42,0,1,2,0,3,1,0,1,1,0,1
1,6,3,1,1,0,1,0,1,26,2,1,1,12,0,1,1,1,3,1,0,0,2,0,2
1,19,4,3,4,0,1,0,2,39,3,0,1,12,0,1,1,1,3,2,0,0,5,1,1
1,16,1,2,3,0,1,0,2,30,2,0,1,12,0,1,1,0,3,1,1,1,3,0,1
1,26,2,3,3,0,1,0,3,29,3,0,1,20,0,1,2,1,1,2,1,0,3,0,1
1,7,4,3,4,0,1,1,2,41,3,0,2,12,0,1,1,1,1,1,0,0,5,0,2
1,51,2,3,3,0,1,0,4,30,2,0,1,48,0,1,1,1,3,2,0,0,3,0,2
0,12,4,2,4,1,5,1,4,41,2,0,1,9,0,1,2,1,3,1,0,0,5,0,1
1,18,1,3,4,0,1,0,2,34,2,0,1,36,0,1,1,1,3,2,1,0,2,1,2
1,26,2,1,2,0,1,0,2,35,3,0,1,7,0,1,1,0,3,1,1,0,3,0,1
1,14,3,1,4,0,5,0,2,55,2,0,1,12,0,1,1,1,3,2,0,0,5,0,1
1,15,2,2,3,0,4,0,3,61,4,0,1,15,0,1,2,1,2,1,1,0,3,0,2
1,111,4,3,2,0,5,0,4,30,3,0,1,36,1,1,1,1,3,2,0,0,3,0,1
1,5,4,1,1,0,1,0,2,29,2,0,1,6,0,1,1,1,3,1,1,0,3,0,1
1,28,4,2,4,0,1,0,0,34,3,0,1,12,0,1,2,1,3,1,1,0,5,0,1
1,27,4,3,4,0,1,0,2,35,3,0,1,24,1,1,1,1,3,2,0,0,5,0,1
1,48,1,2,3,0,1,0,2,31,3,0,1,24,0,1,1,0,3,2,1,1,4,1,2
1,27,4,4,1,0,1,0,2,29,2,0,1,24,1,1,1,1,3,2,0,0,2,0,1
0,39,1,1,2,1,1,0,4,36,3,0,2,11,0,1,2,1,3,1,1,0,3,1,1
0,34,1,4,4,0,1,0,2,35,3,0,1,12,1,1,1,1,3,2,1,0,5,0,2
1,3,1,1,1,0,1,0,2,27,2,0,1,6,0,1,1,1,3,1,1,0,2,0,1
1,46,4,3,2,0,1,0,2,32,3,0,1,18,0,1,1,1,3,2,1,0,2,0,1
1,36,1,2,2,0,1,0,2,37,3,0,2,36,0,1,1,0,3,1,1,0,3,0,1
1,17,1,1,3,0,1,0,2,36,3,0,1,15,0,1,1,1,3,1,1,0,2,1,1
0,30,2,1,1,1,1,0,2,34,2,0,1,12,0,1,1,1,3,1,0,0,2,0,1
1,8,2,2,4,0,5,0,2,38,3,0,1,12,0,1,2,1,3,1,1,0,5,0,1
1,20,4,3,1,0,1,0,2,34,3,0,1,18,0,1,2,1,2,2,1,0,4,0,1
1,29,1,4,4,0,1,0,2,63,3,0,2,24,1,1,1,0,1,2,1,0,3,0,1
0,17,1,3,2,1,1,1,3,29,2,0,1,24,0,1,1,1,3,2,0,0,2,0,2
1,72,4,3,3,0,5,0,3,32,3,0,2,48,0,1,2,1,1,1,1,0,5,0,1
1,28,4,3,2,0,1,0,3,26,2,0,1,33,0,1,2,1,3,2,1,0,3,0,1
1,47,4,3,3,0,1,1,3,35,3,0,1,24,1,1,2,1,3,2,0,0,4,0,1
0,31,2,3,2,1,2,0,2,22,4,0,1,24,0,1,1,1,3,2,1,0,2,0,2
1,4,1,2,4,0,1,0,2,23,2,0,1,6,0,1,1,1,3,1,1,0,2,0,2
1,7,1,3,3,0,1,1,2,28,3,0,1,9,0,1,1,1,3,1,0,0,3,1,2
1,12,4,2,4,0,5,0,2,36,3,0,2,6,0,1,1,1,3,2,0,0,1,0,1
1,12,2,3,2,0,1,0,4,33,4,0,1,18,0,1,1,1,3,1,1,0,3,0,2
0,31,1,2,4,1,1,0,0,26,2,0,1,18,0,1,1,1,3,1,1,0,2,0,2
1,26,4,3,4,0,3,0,2,24,3,0,1,39,1,1,1,1,3,1,1,0,3,0,1
1,52,3,3,2,0,1,0,2,25,3,0,1,24,0,1,1,1,1,1,1,0,4,0,1
1,10,2,1,4,0,2,1,2,39,3,0,1,12,0,1,1,1,3,1,0,0,4,0,1
1,15,1,3,4,0,1,0,4,44,3,0,2,15,0,1,2,1,3,2,1,0,5,0,1
1,36,2,1,1,0,1,1,4,23,2,0,1,12,0,1,1,1,3,1,0,0,3,0,1
1,12,2,2,1,0,1,0,2,26,3,0,1,24,0,1,1,1,3,1,1,0,2,1,1
0,36,1,2,4,1,4,0,2,57,2,0,1,30,0,1,2,1,3,2,1,0,5,0,1
1,10,4,2,2,0,4,0,3,30,2,0,1,15,0,1,2,1,3,1,1,0,4,0,1
1,12,4,1,4,0,3,0,4,44,3,0,1,12,0,1,1,1,3,2,1,0,3,1,1
1,12,2,2,4,0,1,0,3,47,3,0,1,6,0,1,1,1,3,2,0,0,1,1,2
1,31,4,3,4,0,1,0,2,52,3,0,1,12,0,1,1,1,3,2,1,0,3,0,1
0,38,4,4,4,0,1,0,2,62,2,0,1,24,0,1,1,0,3,2,1,1,5,1,1
0,14,4,1,2,1,2,1,2,35,3,0,1,10,0,2,1,1,3,1,0,0,3,1,1
0,35,4,2,3,1,1,0,2,26,3,0,1,6,0,1,1,0,3,1,1,0,3,1,1
1,19,4,4,2,0,1,0,4,26,3,0,1,12,0,1,2,1,3,1,1,0,5,0,1
0,83,2,4,4,0,1,0,0,42,2,0,1,27,0,1,2,1,3,2,0,0,5,0,2
1,12,4,2,1,0,2,0,4,27,2,0,1,6,0,1,2,1,3,1,1,0,3,0,1
1,4,2,2,4,0,5,0,2,38,3,0,1,6,0,1,1,1,3,1,1,0,5,0,1
0,21,1,1,2,1,1,1,4,39,3,0,2,12,0,2,2,1,3,1,0,0,3,1,1
1,30,1,3,4,0,5,0,2,20,4,0,1,24,0,1,1,1,3,1,1,0,3,0,2
0,90,2,4,1,1,2,0,2,29,3,0,1,36,0,1,1,0,3,2,0,1,2,0,2
1,16,4,2,3,0,1,0,4,40,3,0,1,24,0,1,2,1,3,1,1,0,4,0,1
1,13,2,1,2,0,1,1,2,32,4,0,1,18,0,1,1,0,3,1,0,0,5,0,1
1,13,3,3,4,0,2,0,4,28,1,0,2,6,0,1,2,1,3,2,1,0,5,1,1
1,31,1,2,1,0,1,0,2,27,2,0,1,24,0,1,1,1,3,1,1,0,2,1,2
0,55,1,4,4,0,1,0,2,42,3,0,2,36,1,1,1,1,3,1,1,0,5,0,1
1,11,3,1,4,0,2,0,2,49,1,0,1,9,0,1,1,1,3,1,1,0,5,0,1
1,12,2,4,4,0,2,0,4,38,3,0,2,24,0,1,2,1,1,1,1,0,2,0,2
0,12,1,2,4,1,1,0,2,24,2,0,1,24,0,1,1,1,3,1,1,0,2,1,2
1,13,4,2,4,0,5,1,2,27,3,0,1,10,0,1,1,0,3,1,0,0,3,1,2
1,24,3,3,2,0,3,0,4,36,3,0,1,15,1,1,1,1,3,2,1,0,3,0,1
1,68,2,2,2,0,2,0,1,34,3,0,2,15,0,1,1,1,3,2,0,0,1,1,2
1,14,4,2,2,0,1,0,2,28,4,0,1,24,0,1,1,1,3,1,1,0,3,0,1
1,86,4,3,2,0,2,0,2,45,3,0,1,39,1,1,1,1,3,2,0,0,5,0,1
1,8,1,1,2,0,1,0,2,26,3,0,1,12,0,1,1,1,3,1,1,0,4,1,2
0,47,4,4,2,0,1,0,2,32,3,0,1,36,1,1,1,1,3,2,0,0,3,0,1
0,27,3,2,4,1,1,0,2,26,3,0,1,15,0,1,1,1,3,2,1,0,4,0,1
0,6,2,1,4,1,1,0,3,20,4,0,1,12,0,1,2,0,3,1,1,1,3,0,1
1,23,4,2,1,0,5,0,2,54,3,0,1,24,0,1,1,1,3,1,1,0,2,1,1
1,6,1,2,3,0,1,0,4,37,2,0,1,6,0,2,2,1,3,1,1,0,4,1,1
1,14,1,1,4,0,1,1,4,40,3,0,2,6,0,2,1,1,3,1,0,0,2,1,1
0,71,4,2,4,1,1,0,4,23,2,0,1,36,0,1,2,1,3,2,1,0,2,0,2
1,12,1,2,2,0,2,0,2,43,3,0,1,6,0,1,1,1,3,2,1,0,5,1,1
0,7,4,4,4,0,5,0,4,36,3,0,1,6,0,1,2,1,3,1,1,0,5,0,1
0,55,4,4,4,0,1,0,4,44,3,0,1,24,0,1,2,1,3,1,1,0,5,0,1
1,32,1,1,2,0,1,0,2,24,2,0,1,18,0,1,1,1,3,1,1,0,3,0,2
0,71,1,4,4,0,1,0,0,53,3,0,2,48,0,1,2,1,3,1,1,0,3,0,2
1,35,4,3,4,0,2,0,2,23,2,0,1,24,1,1,1,1,3,1,1,0,4,0,1
1,11,2,1,4,0,1,1,2,26,2,0,2,18,0,1,1,0,3,1,0,0,3,0,1
1,80,2,3,3,0,1,0,2,30,3,0,1,26,1,1,2,1,3,1,1,0,2,0,1
1,15,4,3,3,0,2,0,4,31,2,0,1,15,0,1,1,1,3,1,1,0,3,0,1
1,15,4,1,1,0,1,1,4,42,3,0,2,4,0,1,2,1,3,1,0,0,4,0,1
0,23,1,3,4,1,1,0,2,31,1,0,1,36,0,1,1,1,3,1,1,0,3,0,2
1,7,1,1,4,0,1,1,2,41,3,0,2,6,0,1,1,1,3,2,0,0,2,1,1
1,23,2,3,1,0,1,0,2,32,3,0,2,36,0,1,2,1,3,1,1,0,4,0,1
0,26,2,3,4,1,2,0,2,28,2,0,1,15,0,1,2,1,3,2,1,0,3,1,2
0,15,4,1,4,1,1,0,3,41,4,0,1,12,1,1,1,1,3,1,1,0,3,0,1
1,13,4,2,3,0,2,0,2,26,4,0,1,24,0,1,1,1,3,2,1,0,4,0,1
1,31,4,3,2,0,5,0,2,25,3,0,1,24,0,1,2,1,3,1,1,0,2,0,1
0,23,3,3,1,1,1,0,4,33,1,0,1,21,0,1,1,1,3,1,1,0,2,0,2
1,14,1,2,3,0,5,0,2,75,2,0,1,6,0,1,1,1,3,2,0,0,1,1,1
1,36,2,2,4,0,1,0,4,37,2,0,1,18,0,1,1,1,3,2,1,0,5,0,1
0,78,1,4,4,0,1,0,2,42,3,0,1,48,0,1,1,1,1,1,0,0,5,1,2
1,30,3,2,1,0,1,1,2,45,2,0,1,18,0,1,1,1,2,1,0,0,2,0,1
0,15,2,1,1,1,1,0,2,23,4,0,1,12,0,1,1,1,3,1,1,0,2,0,2
0,20,4,4,4,0,1,0,3,60,3,0,1,24,0,1,2,1,3,2,1,0,5,1,1
1,64,1,2,4,0,5,0,2,31,3,0,1,30,0,1,1,1,3,1,1,0,5,0,2
1,29,3,1,1,0,1,1,2,34,3,0,2,18,0,1,1,1,3,1,0,0,3,0,2
1,13,4,1,4,0,1,1,4,61,3,0,1,12,0,1,2,1,3,1,0,0,5,1,1
0,13,1,1,2,0,1,0,3,43,3,0,2,24,0,1,2,1,3,1,1,0,1,1,2
1,20,4,3,4,0,1,0,4,37,2,0,1,24,0,1,1,1,3,2,1,0,3,1,1
1,16,4,3,1,0,1,0,2,32,3,0,2,24,0,1,1,1,1,1,1,0,4,0,1
1,6,1,1,4,0,1,1,1,24,2,0,1,12,0,1,1,1,1,1,0,0,3,0,2
0,89,4,4,1,0,5,0,4,35,3,0,1,48,1,1,2,1,3,2,1,0,4,0,1
1,10,4,1,4,0,5,0,4,23,2,0,1,12,0,1,2,1,3,1,1,0,4,0,1
1,18,4,2,4,0,3,1,1,45,3,0,2,6,0,1,1,1,1,1,0,0,5,0,1
1,70,1,1,1,0,1,0,2,34,4,0,1,48,0,1,2,0,3,2,1,0,4,0,2
1,20,2,3,1,0,2,0,4,27,3,0,1,12,0,1,1,1,3,1,1,0,2,1,1
1,12,2,2,4,0,1,0,2,67,2,0,1,9,0,1,2,1,3,2,0,0,4,0,1
1,13,2,3,1,0,1,0,2,22,3,0,1,12,0,1,1,1,2,1,1,0,2,0,2
1,23,2,3,3,0,2,0,0,28,2,0,1,18,0,1,2,1,3,1,1,0,2,1,2
1,50,4,2,4,0,5,0,0,29,2,0,1,21,0,1,2,1,1,2,1,0,3,1,2
1,36,1,3,4,0,1,0,1,27,3,0,1,24,0,1,1,1,1,1,1,0,4,0,2
1,19,2,1,2,0,1,1,4,31,3,0,1,18,0,1,2,1,3,1,0,0,2,0,2
0,30,1,4,4,0,5,0,2,49,3,0,2,24,1,1,1,1,1,2,1,0,5,0,1
0,15,1,3,4,1,1,1,1,24,3,0,1,24,0,1,1,0,1,1,0,0,4,0,2
1,7,3,2,1,0,1,0,3,29,2,0,1,6,0,1,1,1,1,1,1,0,2,0,1
0,124,2,4,4,0,5,0,2,37,3,0,1,36,0,1,1,1,3,2,1,0,3,1,2
1,47,2,2,2,0,5,0,3,37,3,0,1,24,0,1,2,1,1,2,0,0,3,0,1
0,16,2,2,2,1,2,0,3,23,2,0,1,24,0,1,2,1,3,2,1,0,4,0,1
1,14,1,3,3,0,1,0,2,36,1,0,1,12,0,1,1,1,3,1,1,0,4,1,2
1,26,4,3,2,0,4,0,4,34,3,0,1,24,0,1,1,1,3,1,1,0,5,0,1
1,40,2,3,1,0,5,0,2,41,3,0,2,48,0,1,2,1,3,2,1,0,4,0,1
1,68,1,3,2,0,1,0,2,31,2,0,1,48,0,1,1,1,3,2,1,0,3,0,2
0,32,1,1,4,1,1,1,2,23,2,0,1,24,0,1,1,1,3,2,0,0,2,0,2
1,60,4,3,2,0,1,0,4,38,3,0,1,30,0,1,1,0,3,1,1,1,4,0,1
0,54,4,2,4,1,5,0,2,26,2,0,1,24,1,1,1,1,3,2,0,0,1,0,1
1,8,1,2,4,0,1,1,2,22,2,0,1,15,0,1,1,1,3,1,0,0,3,0,1
1,11,2,3,4,0,1,1,2,27,3,0,1,9,0,1,2,1,3,1,0,0,5,0,1
1,28,4,3,3,0,1,0,4,24,2,0,1,15,0,1,2,0,1,1,1,1,4,0,1
1,29,2,1,1,0,1,0,2,27,2,0,1,12,0,1,1,1,3,1,1,0,4,0,1
1,19,4,3,2,0,5,0,4,33,2,0,1,24,0,1,2,1,3,2,1,0,3,0,1
1,28,2,3,4,0,1,0,4,27,1,0,1,36,0,1,2,1,3,1,1,0,2,1,2
1,9,4,3,3,0,1,1,2,27,4,0,1,24,0,1,2,1,3,1,0,0,2,0,1
1,11,2,1,3,0,1,0,4,30,3,0,1,18,0,1,2,0,1,1,1,0,5,1,2
1,31,2,1,3,0,1,1,4,49,3,0,2,12,0,1,2,1,1,1,0,0,2,1,1
0,14,4,1,2,1,1,0,2,26,2,0,1,9,0,1,1,1,3,1,1,0,3,0,1
0,24,2,4,1,1,1,1,2,33,3,0,1,36,0,1,1,1,3,1,0,0,2,0,2
0,21,4,4,4,0,5,0,2,52,2,0,1,12,0,1,1,1,3,2,0,0,5,1,1
0,20,1,1,4,1,1,0,2,20,2,0,1,18,0,1,1,1,1,1,1,0,3,0,2
0,28,1,1,2,1,1,0,4,36,3,0,2,9,0,1,2,1,3,1,1,0,3,1,1
1,13,1,2,1,0,1,1,2,21,3,0,1,12,0,1,1,0,3,1,0,0,3,0,1
1,12,1,1,3,0,1,1,2,47,4,0,1,18,0,1,1,1,3,2,0,0,3,0,2
1,22,1,2,3,0,1,0,4,60,3,0,1,12,0,1,2,1,3,1,1,0,5,0,2
1,4,1,1,3,0,1,1,4,58,2,0,1,12,0,1,4,1,3,2,0,0,4,0,1
0,20,2,3,4,1,5,0,3,42,2,0,1,24,0,1,2,1,3,2,1,0,3,1,1
1,16,4,1,4,0,4,1,2,36,2,0,1,21,0,1,1,1,1,1,0,0,5,0,1
0,27,2,2,4,1,1,1,2,20,2,0,1,24,0,1,1,1,3,2,0,0,3,1,2
1,14,1,3,3,0,5,0,1,40,3,0,1,24,0,1,1,1,2,2,0,0,5,0,2
1,9,2,2,1,0,2,1,1,32,2,0,1,6,0,1,1,1,2,1,0,0,2,1,2
0,14,1,3,4,1,1,0,2,23,2,0,1,24,0,1,2,1,3,1,1,0,4,1,2
1,42,2,1,4,0,1,1,0,36,3,0,1,24,0,1,3,1,3,2,0,0,3,0,2
1,28,4,2,2,0,1,0,4,31,3,0,1,18,0,1,2,1,1,1,1,0,4,1,2
0,39,4,4,2,0,1,0,3,32,3,0,1,24,0,1,1,1,3,1,1,0,3,0,1
1,23,2,1,1,0,1,0,2,45,2,0,1,7,0,1,1,0,3,1,1,0,2,0,1
1,9,2,2,1,0,1,0,2,30,2,0,1,9,0,1,1,1,3,1,1,0,3,0,2
0,18,2,4,4,0,1,1,1,34,2,0,1,24,0,1,1,1,1,1,0,0,4,0,2
1,33,4,3,2,0,1,0,2,28,2,0,1,36,0,1,1,1,3,2,0,0,3,0,2
1,13,3,2,2,0,1,0,2,23,2,0,1,10,0,1,1,1,3,1,1,0,2,0,1
1,28,1,1,4,0,3,0,1,22,3,0,1,24,0,1,1,1,2,2,1,0,3,0,1
1,45,4,1,2,0,1,0,4,74,3,0,1,24,0,1,1,1,3,2,0,0,3,0,1
0,27,2,4,4,0,2,0,2,50,2,0,1,36,0,1,1,0,3,1,1,1,3,0,2
1,21,4,1,1,0,1,0,2,33,3,0,1,18,0,1,1,1,3,1,1,0,2,0,1
0,13,4,4,4,0,5,0,2,45,3,0,2,15,1,1,1,1,1,1,1,0,5,0,1
1,7,1,2,3,0,2,0,2,22,2,0,1,12,0,1,1,1,3,1,1,0,1,0,2
0,12,3,4,4,0,2,1,2,48,2,0,2,10,0,1,1,1,3,1,0,0,5,1,2
1,34,1,3,2,0,4,0,2,29,2,0,1,21,0,1,1,1,1,1,1,0,2,0,1
0,36,1,3,4,1,1,0,1,22,2,0,1,24,1,2,1,0,1,1,1,0,3,0,1
1,18,4,1,1,0,1,0,3,22,2,0,1,18,0,1,1,1,3,1,1,0,4,0,2
1,122,2,3,2,0,5,0,0,48,3,0,1,48,0,1,1,1,1,2,0,0,3,0,1
0,92,2,4,2,0,5,0,3,27,3,0,1,60,0,1,1,1,3,1,0,0,3,0,1
0,37,1,1,3,1,1,0,4,37,3,0,2,6,0,1,3,1,3,1,1,0,3,1,1
0,34,2,3,4,1,2,0,2,21,2,0,1,30,0,1,1,0,3,1,1,1,3,0,2
1,6,4,1,2,0,1,1,2,49,1,0,1,12,0,1,1,1,3,1,0,0,3,1,1
1,37,2,2,3,0,1,0,4,27,3,0,1,21,0,1,2,1,3,1,1,0,4,0,1
1,15,4,2,2,0,1,0,4,32,3,0,1,18,0,1,2,1,1,1,1,0,3,1,2
1,39,4,1,2,0,5,0,2,38,1,0,1,48,0,1,1,1,1,1,1,0,3,0,2
0,19,1,3,1,1,1,0,2,22,2,0,1,12,0,1,1,1,3,1,1,0,2,0,1
0,26,1,4,4,0,1,0,2,65,3,0,1,18,0,1,2,1,3,1,1,0,3,0,2
1,20,4,3,2,0,5,0,2,35,3,0,1,15,0,1,1,1,3,1,1,0,5,0,1
1,21,3,1,2,0,1,0,2,41,3,0,1,6,0,1,1,1,3,2,1,0,3,0,1
1,14,2,4,3,0,2,0,1,29,3,0,1,9,0,1,1,1,3,1,1,0,4,1,2
1,40,4,1,4,0,3,0,4,36,3,0,1,42,0,1,2,1,3,2,1,0,3,0,1
1,38,4,1,4,0,5,1,2,64,3,0,1,9,0,1,1,1,3,1,0,0,5,0,1
1,37,1,3,4,0,1,0,2,28,2,0,1,24,0,1,1,1,3,1,1,0,3,0,1
1,16,1,3,3,0,1,0,1,44,3,0,1,18,0,1,1,1,1,1,1,0,3,0,2
1,14,2,2,1,0,5,0,2,23,3,0,1,15,0,1,1,1,3,1,1,0,2,0,1
0,20,4,3,2,1,1,0,2,19,2,0,1,9,0,1,2,0,3,1,1,1,2,0,2
1,14,2,3,4,0,1,1,2,25,2,0,1,24,0,1,1,1,3,2,0,0,2,1,2
1,14,4,2,4,0,1,0,2,47,3,0,2,12,0,1,3,1,1,2,1,0,5,0,1
1,14,4,3,1,0,3,0,2,28,2,0,1,24,0,1,1,1,3,1,1,0,4,0,1
1,157,4,3,4,0,1,0,3,21,3,0,1,60,0,1,2,1,3,2,1,0,4,0,1
1,15,4,3,3,0,1,0,2,34,2,0,2,12,0,1,1,1,3,1,1,0,2,0,1
1,44,1,2,2,0,1,0,3,26,3,0,2,42,0,1,2,1,1,2,1,0,4,0,2
1,8,1,1,1,0,1,0,2,27,2,1,1,18,0,1,1,1,3,1,0,0,1,0,2
1,13,2,3,4,0,1,1,2,38,3,0,1,15,0,1,2,1,3,1,0,0,5,0,1
1,46,4,2,2,0,2,0,2,40,3,0,1,15,0,1,1,1,3,2,0,0,3,0,2
1,19,4,3,2,0,1,0,4,33,4,0,1,24,0,1,2,0,3,2,1,0,4,0,1
1,19,1,2,1,0,1,0,4,32,4,0,1,18,0,1,2,1,3,2,0,0,4,0,1
0,80,4,3,4,1,5,0,3,27,3,0,1,36,0,1,2,1,3,2,1,0,2,0,2
1,46,1,1,2,0,1,0,0,32,1,0,1,30,0,1,2,0,3,1,1,0,3,0,1
1,14,4,2,2,0,3,0,2,26,2,0,1,12,0,1,1,1,3,1,1,0,3,1,2
0,9,3,4,3,0,1,0,2,38,3,0,2,24,0,1,1,1,1,1,1,0,4,1,2
0,7,1,3,4,1,1,1,2,40,3,0,2,12,0,1,1,1,3,1,0,0,3,0,2
0,75,1,4,1,0,1,0,2,50,3,0,1,48,0,1,1,1,3,2,0,0,4,0,1
1,19,2,2,2,0,1,1,2,37,3,0,1,12,0,1,1,1,3,1,0,0,3,0,2
1,23,1,1,1,0,1,0,2,45,3,0,1,24,0,1,1,0,3,1,1,1,5,1,2
1,81,2,3,4,0,2,0,3,42,3,0,1,36,0,1,4,1,3,2,0,0,5,1,2
1,23,4,3,3,0,1,0,4,35,3,0,1,24,1,1,2,1,3,2,1,0,4,0,1
0,40,1,4,4,0,1,0,2,22,3,0,1,14,0,1,1,1,3,1,1,0,1,1,1
1,9,2,3,4,0,1,1,2,41,3,0,2,12,0,1,1,1,1,1,0,0,5,1,2
1,102,4,3,3,0,5,0,2,37,3,0,1,48,0,1,1,1,2,2,1,0,4,0,1
1,42,2,3,1,0,1,0,0,28,2,0,1,30,0,1,2,1,3,1,1,0,3,0,1
1,64,2,4,1,0,1,0,4,41,3,0,1,18,0,1,1,1,3,2,1,0,5,0,1
0,13,3,1,4,1,1,0,2,23,4,0,1,12,0,1,1,1,3,1,1,0,3,0,1
1,9,1,3,2,0,5,0,2,23,4,0,1,12,0,1,1,1,3,1,1,0,3,1,2
1,22,4,1,2,0,1,0,2,50,3,0,1,21,0,1,2,1,3,1,1,0,5,0,1
1,10,2,2,1,0,1,0,3,35,3,0,1,6,0,1,2,1,2,2,0,0,1,0,1
1,10,3,2,4,0,1,1,4,50,2,0,1,6,0,1,1,1,3,1,0,0,3,0,1
1,63,4,4,2,0,1,0,4,27,3,0,1,24,0,1,2,0,1,2,0,1,1,0,1
1,35,2,3,2,0,4,0,1,34,3,0,2,30,0,1,1,1,2,2,1,0,3,0,1
1,36,4,1,1,0,1,0,1,27,2,0,1,48,0,1,1,1,2,1,1,0,3,0,1
0,48,1,2,4,1,1,0,4,43,3,0,1,12,0,1,2,0,3,2,1,1,5,1,2
1,30,3,2,4,0,1,0,4,47,3,0,1,30,0,1,1,1,3,1,1,0,5,0,1
1,41,4,2,3,0,2,1,4,27,3,0,1,24,0,1,2,1,3,2,0,0,3,0,1
1,57,4,3,2,0,2,0,2,31,3,0,1,36,0,1,2,1,3,2,1,0,4,0,1
1,104,4,2,4,0,1,0,2,42,3,0,1,60,0,1,1,1,3,2,0,0,5,1,1
1,21,4,3,2,0,3,0,4,24,4,0,1,6,0,1,1,1,3,1,1,0,3,1,1
1,26,4,1,2,0,3,1,3,41,3,0,2,21,0,1,1,1,1,1,0,0,2,0,2
0,45,4,3,4,1,1,0,4,26,2,0,1,30,0,1,1,1,3,2,0,0,4,0,1
1,52,4,3,4,0,1,0,4,33,3,0,1,24,0,1,1,1,3,2,1,0,5,0,1
1,56,2,3,2,0,2,0,2,24,4,0,1,72,0,1,1,1,3,1,1,0,3,0,2
0,24,1,1,4,1,1,1,2,64,3,0,1,24,0,1,1,1,1,1,0,0,5,0,1
1,15,4,1,1,0,1,0,2,26,2,0,1,18,0,1,1,1,3,1,1,0,2,0,1
1,15,4,4,2,0,1,0,2,56,2,0,1,6,0,1,1,1,3,1,1,0,2,0,1
0,23,4,4,4,0,5,0,2,37,3,0,1,12,0,1,1,1,3,2,1,0,3,0,1
1,15,4,1,3,0,1,0,3,33,4,0,1,15,0,1,2,1,1,1,1,0,3,0,1
0,51,4,4,3,0,1,0,4,47,4,0,1,24,0,1,3,1,3,2,1,0,2,0,1
1,99,2,2,3,0,2,1,3,31,3,0,2,36,0,1,2,1,3,2,0,0,4,0,1
0,65,4,4,4,0,5,0,2,34,3,0,2,60,0,1,1,1,3,2,1,0,3,1,1
1,13,3,2,2,0,5,0,4,27,3,0,1,10,0,1,2,1,3,2,1,0,4,0,1
0,29,2,4,3,0,2,0,3,30,3,0,1,36,0,1,1,1,3,1,1,0,5,1,1
1,28,4,3,4,0,2,0,2,35,3,0,1,9,0,1,1,0,3,2,1,1,5,0,1
1,37,1,2,3,0,4,0,2,31,3,0,2,12,0,1,1,1,3,1,1,0,3,1,1
1,10,1,2,3,0,1,0,4,25,1,0,1,15,0,1,2,1,3,1,1,0,3,0,1
1,26,2,1,2,0,2,1,2,25,2,0,1,15,0,1,1,1,3,1,0,0,3,0,1
1,29,2,3,1,0,2,0,2,29,3,0,1,24,0,1,1,1,3,1,1,0,2,0,1
1,47,1,1,3,0,5,1,4,44,3,0,2,6,0,1,2,1,3,1,0,0,2,1,1
1,23,4,3,2,0,1,0,2,28,3,0,1,24,0,1,1,1,3,2,1,0,4,0,1
0,12,4,2,4,1,3,0,2,50,3,0,1,6,1,1,1,1,3,1,1,0,3,0,1
1,11,2,1,3,0,1,0,2,29,3,0,1,12,0,2,2,0,3,1,1,0,4,0,1
1,9,4,2,2,0,1,0,4,38,2,1,1,12,0,1,1,1,3,1,0,0,1,1,1
1,18,4,3,2,0,1,0,4,24,3,0,1,18,0,1,2,1,3,1,1,0,3,0,1
0,19,3,3,4,1,1,0,2,40,3,0,1,15,0,1,1,1,3,2,0,0,5,0,1
0,11,4,3,4,1,3,1,2,29,2,0,1,12,0,1,1,1,3,1,0,0,3,0,2
0,63,1,4,4,0,1,0,4,46,3,0,1,48,1,1,2,1,3,2,1,0,5,0,2
0,14,3,4,2,0,2,0,2,47,2,0,1,24,0,1,1,1,3,2,1,0,5,0,1
1,25,2,2,2,0,2,0,3,41,3,0,1,30,0,1,2,1,2,1,1,0,5,0,1
1,25,2,2,1,0,1,0,2,32,2,0,2,27,0,1,1,1,3,2,1,0,2,0,1
0,53,4,4,4,0,3,0,2,35,2,0,1,15,0,1,1,1,3,1,1,0,5,1,1
1,66,2,2,2,0,2,0,2,24,3,0,1,48,0,1,1,1,3,1,1,0,4,1,2
0,30,2,2,3,1,1,0,0,25,2,0,1,12,0,1,2,1,3,1,1,0,2,0,2
1,12,2,1,4,0,1,0,2,25,2,0,1,9,0,1,1,1,3,1,1,0,5,0,1
1,21,2,1,2,0,1,1,2,37,3,0,2,9,0,1,1,1,3,1,0,0,3,0,1
1,6,4,2,3,0,3,0,4,32,3,0,1,18,0,1,2,1,1,2,0,0,5,0,1
0,12,1,4,4,0,1,0,1,35,2,0,1,6,0,1,1,1,3,1,1,0,5,0,2
1,25,4,1,4,0,5,0,2,46,3,0,1,21,1,1,1,1,3,2,0,0,5,0,1
1,11,1,1,4,0,1,1,4,25,3,0,1,9,0,1,2,1,3,1,0,0,3,0,1
1,140,2,4,2,0,1,0,2,27,3,0,1,60,0,1,1,1,3,2,0,0,4,1,2
1,76,4,3,4,0,5,0,4,63,3,0,1,30,1,1,2,1,3,1,1,0,5,0,1
1,31,4,3,2,0,5,0,4,40,3,0,2,30,0,1,2,1,3,2,1,0,5,0,1
0,15,4,4,2,0,1,0,2,32,3,0,1,18,0,1,1,1,3,2,0,0,3,0,1
1,31,3,3,2,0,5,0,4,31,3,0,1,24,0,1,2,1,3,2,1,0,3,0,1
1,61,2,3,4,0,2,0,0,31,4,0,1,20,1,1,2,1,1,2,1,0,5,0,1
1,13,3,3,2,0,1,0,0,34,3,0,1,9,0,1,2,1,3,2,0,0,2,0,2
0,4,2,2,2,1,4,0,1,24,2,0,2,6,0,1,1,1,1,1,1,0,2,0,2
1,12,1,1,2,0,1,1,2,24,2,0,1,12,0,1,1,1,3,1,0,0,3,1,2
1,8,2,1,3,0,3,1,2,66,2,0,1,9,0,1,1,1,3,1,0,0,3,0,1
0,26,4,1,3,1,1,0,2,21,2,0,1,27,0,1,1,1,3,1,1,0,3,1,2
1,2,4,1,2,0,4,1,4,41,2,0,1,6,0,1,2,1,1,1,0,0,3,1,1
1,13,4,2,2,0,3,1,4,47,4,0,1,15,0,1,2,1,3,1,0,0,3,0,1
0,19,1,3,4,1,1,0,2,25,2,0,1,18,0,1,2,1,1,1,1,0,3,0,2
0,64,2,4,3,1,1,0,1,59,2,0,1,48,0,1,1,1,3,1,1,0,5,0,2
1,13,3,1,4,0,4,0,4,36,1,0,1,24,0,1,2,1,3,2,1,0,3,0,1
1,64,2,3,2,0,1,0,3,33,3,0,1,24,0,1,1,1,3,1,1,0,2,0,1
0,20,1,1,4,1,1,1,2,21,3,0,2,24,0,1,1,1,3,1,0,0,3,0,2
1,8,2,1,2,0,1,1,2,44,2,0,1,8,0,1,1,0,3,1,0,0,4,0,1
0,26,4,3,4,1,4,0,2,28,2,0,1,24,1,1,1,1,3,2,1,0,3,0,1
1,34,4,1,1,0,1,0,4,37,2,0,2,4,0,1,1,1,3,1,1,0,4,1,1
1,40,2,4,2,0,5,0,1,29,2,1,1,36,0,1,1,1,1,1,0,0,2,0,1
0,116,2,3,4,1,1,0,2,23,2,0,1,24,1,1,2,1,3,1,0,0,3,0,2
1,44,1,3,4,0,2,1,2,35,3,0,2,18,0,1,1,1,3,2,0,0,3,1,1
1,68,4,4,3,0,1,0,4,45,3,0,2,6,0,1,2,1,3,2,0,0,4,1,1
0,43,2,3,4,1,2,1,0,26,2,0,1,30,0,1,2,1,3,1,0,0,3,0,2
1,23,1,3,3,0,2,0,1,32,3,0,1,24,0,1,1,1,1,1,1,0,4,1,1
1,10,2,1,4,0,1,1,1,23,3,0,1,10,0,1,1,1,2,1,0,0,3,0,1
1,32,4,2,3,0,5,0,2,41,3,0,1,21,0,1,1,1,3,2,1,0,5,0,1
1,25,1,1,4,0,3,0,1,22,3,0,1,24,0,1,1,1,2,2,1,0,3,0,1
1,142,1,2,4,0,5,0,4,30,3,0,1,39,0,1,2,1,3,2,0,0,4,0,1
1,18,1,2,1,0,1,1,4,28,3,0,1,13,0,1,2,1,1,1,0,0,2,0,1
0,25,1,3,4,1,1,0,2,23,2,0,1,15,0,1,1,1,3,1,1,0,1,1,1
1,13,1,1,1,0,1,1,2,37,2,0,1,12,0,1,1,1,3,1,0,0,2,1,2
1,52,4,3,3,0,5,0,2,26,3,0,1,21,1,1,1,1,3,1,1,0,3,0,1
1,30,4,3,2,0,1,0,2,33,3,0,1,15,1,1,1,1,3,1,1,0,4,0,1
1,4,1,2,1,0,1,0,2,49,2,0,1,6,0,1,1,1,1,2,1,0,5,0,1
1,10,1,3,2,0,1,1,2,23,2,0,1,18,0,1,1,1,3,1,0,0,2,1,2
0,8,2,1,4,1,2,1,2,23,2,0,1,12,0,1,1,1,3,1,0,0,4,0,1
1,58,4,3,2,0,1,0,4,25,2,0,1,30,0,1,2,1,3,1,1,0,4,0,1
0,16,4,4,4,0,4,0,3,55,3,0,2,12,0,1,2,1,3,1,1,0,5,0,2
0,13,1,4,4,1,5,0,2,32,2,0,1,24,0,1,1,1,3,1,1,0,4,1,2
1,13,3,1,1,0,1,0,4,74,3,1,2,6,0,2,3,1,3,1,0,0,3,1,1
0,13,3,4,4,0,5,0,4,39,3,0,1,15,0,1,2,1,3,2,1,0,3,0,2
1,14,4,1,2,0,1,0,2,31,3,0,1,24,0,1,1,0,3,2,1,0,3,1,1
1,7,1,2,3,0,1,0,4,35,3,0,1,12,0,1,2,1,3,1,1,0,5,1,2
1,50,4,3,4,0,5,0,4,59,2,0,1,15,0,1,1,1,3,2,1,0,5,1,1
0,21,1,1,4,1,1,0,4,24,2,0,1,18,0,1,2,1,3,1,1,0,3,0,2
1,22,1,2,3,0,1,1,2,24,3,0,1,12,0,1,1,1,3,1,0,0,3,0,1
0,127,4,4,4,0,5,0,4,30,3,0,1,21,0,1,1,1,3,2,0,0,5,1,2
1,25,4,2,3,0,2,0,4,27,4,0,1,24,0,1,2,1,3,2,1,0,4,1,1
1,12,2,1,3,0,1,1,2,40,4,0,1,12,0,1,2,0,1,1,0,0,5,0,1
1,31,1,2,4,0,1,1,2,31,1,0,1,30,0,1,1,1,3,1,0,0,2,0,2
0,29,4,1,4,1,5,0,2,31,2,0,1,10,1,1,1,1,3,1,1,0,2,0,1
0,36,2,3,4,1,1,0,4,28,3,0,1,12,0,1,3,1,3,2,1,0,5,0,1
1,17,4,1,4,0,1,1,4,63,3,0,1,12,0,1,2,1,3,2,0,0,5,0,1
0,28,1,1,4,1,5,0,2,26,2,0,1,24,1,1,1,1,3,1,1,0,5,0,1
1,81,1,4,2,0,1,0,4,25,2,0,1,36,0,1,2,1,3,2,0,0,3,0,2
1,33,4,3,4,0,1,0,4,36,3,0,1,21,1,1,1,1,3,2,0,0,5,0,1
1,22,4,2,4,0,2,0,4,52,3,0,1,24,0,1,2,1,1,1,1,0,5,0,1
0,15,3,4,4,0,3,0,4,66,3,1,1,12,0,1,3,1,1,1,0,0,1,1,1
0,14,1,1,4,1,5,0,2,25,2,0,1,24,0,1,1,1,3,1,1,0,3,1,2
1,35,4,3,4,0,1,0,4,37,3,0,1,36,0,1,2,1,3,2,1,0,4,1,1
1,35,1,1,1,0,1,0,2,25,2,0,1,18,0,1,1,0,3,1,1,0,4,0,1
1,57,4,3,2,0,4,0,4,38,3,0,1,36,1,1,2,1,3,2,0,0,5,0,1
1,39,2,3,4,0,1,0,2,67,2,0,1,18,0,1,1,1,3,2,1,0,1,0,1
1,49,2,1,2,0,1,0,4,25,3,0,1,39,0,1,2,0,3,1,1,0,4,0,2
1,19,4,1,4,0,4,0,4,60,3,0,1,24,0,1,1,1,3,2,1,0,5,1,1
1,14,2,1,2,0,1,1,0,31,3,0,1,12,0,1,1,1,3,2,0,0,3,0,1
1,8,2,2,2,0,2,1,2,23,2,0,1,12,0,1,1,1,1,1,0,0,2,1,2
1,65,2,1,4,0,5,0,2,60,1,0,1,20,1,1,1,1,3,2,0,0,1,0,1
1,19,2,2,2,0,4,1,2,35,3,0,1,18,0,1,1,1,3,2,0,0,3,0,1
1,27,4,3,4,0,3,0,2,40,3,0,1,22,0,1,1,1,3,1,1,0,5,0,1
1,28,4,3,3,0,5,0,4,38,3,0,2,48,1,1,2,1,3,2,1,0,5,0,1
0,62,2,4,4,0,1,0,3,50,3,0,1,48,0,1,1,1,3,1,1,0,5,0,2
1,60,1,4,3,0,1,0,4,27,3,0,1,40,0,1,1,1,1,2,1,0,3,0,2
1,12,2,2,4,0,1,0,2,39,2,0,2,21,0,1,1,1,3,1,1,0,5,0,2
1,63,4,3,4,0,5,0,2,41,3,0,2,24,1,1,1,1,3,2,0,0,5,0,1
1,12,4,2,2,0,5,0,4,27,4,0,1,6,0,1,2,1,3,1,1,0,3,0,1
0,29,3,4,4,0,1,0,2,51,1,0,1,24,0,1,1,1,3,1,1,0,5,0,1
0,31,4,4,3,1,3,0,2,32,3,0,1,24,0,1,1,1,3,2,1,0,5,0,1
0,23,4,2,4,1,2,0,2,22,2,0,1,9,0,1,1,1,3,1,1,0,2,0,1
0,75,1,2,4,0,5,0,2,51,3,0,2,18,1,1,1,1,3,2,1,0,5,0,2
0,13,4,2,4,1,1,1,4,22,2,0,1,12,0,1,2,1,3,1,0,0,2,0,1
1,7,4,3,4,0,5,0,3,54,4,0,1,24,0,1,2,1,3,2,1,0,5,1,1
1,15,2,1,2,0,5,0,2,35,3,1,1,9,0,1,1,1,3,1,0,0,2,1,1
0,16,4,4,4,0,1,0,4,54,3,0,2,24,0,1,2,1,3,1,1,0,5,0,1
0,18,2,1,4,1,1,1,4,48,2,0,1,18,0,1,2,0,1,2,0,0,5,0,1
1,43,1,2,4,0,1,0,4,24,2,0,1,20,0,1,2,1,3,1,1,0,5,0,1
1,10,4,3,4,0,5,0,4,35,3,0,1,12,0,1,2,1,3,1,1,0,5,0,1
0,75,2,1,2,1,5,0,2,24,2,1,1,12,0,1,1,1,3,1,0,0,1,1,1
1,93,1,3,1,0,1,0,2,24,3,0,1,36,0,1,1,1,3,2,1,0,4,1,2
1,6,2,1,3,0,1,1,2,26,4,0,1,6,0,2,1,1,3,1,0,0,2,0,1
1,9,4,1,4,0,5,0,4,65,3,0,1,12,0,1,4,1,3,1,1,0,5,0,1
0,93,2,4,2,0,1,0,1,55,3,0,1,42,1,1,1,1,1,2,0,0,1,0,1
0,18,2,1,1,1,1,0,0,26,2,1,1,15,0,1,2,1,3,1,0,0,2,1,2
1,9,2,1,2,0,1,0,2,26,4,0,1,8,0,1,1,1,3,2,1,0,2,0,1
1,5,2,1,3,0,1,1,2,28,4,0,1,6,0,1,1,0,1,1,0,0,4,0,1
1,96,1,3,4,0,1,0,4,24,3,0,1,36,1,1,2,1,3,2,1,0,4,0,2
1,31,1,3,4,0,1,0,2,54,3,0,1,48,0,1,1,1,3,1,1,0,3,0,2
0,39,1,4,4,0,1,0,2,46,3,0,2,48,0,1,1,1,3,1,1,0,4,1,2
0,74,2,2,2,1,1,0,3,54,2,0,1,36,0,1,1,1,3,1,1,0,3,1,1
1,13,4,1,4,0,3,0,2,62,1,0,1,6,0,1,1,1,3,1,1,0,3,0,1
0,16,4,3,2,1,1,0,4,24,2,0,1,6,0,1,2,1,3,2,1,0,4,0,1
1,159,1,3,3,0,1,0,2,43,1,0,1,36,0,1,1,0,3,1,0,1,1,0,1
1,13,1,1,3,0,1,0,2,26,4,0,1,18,0,1,1,1,1,1,1,0,3,0,2
1,11,4,1,2,0,1,0,2,27,4,0,1,12,0,1,2,1,3,2,1,0,3,1,1
1,30,3,3,1,0,1,0,2,24,4,0,1,12,0,1,1,1,3,1,1,0,3,0,1
1,27,1,2,2,0,1,0,2,41,3,0,2,36,0,1,1,1,1,1,1,0,5,0,2
1,7,1,1,4,0,1,1,4,47,3,0,1,8,0,1,2,1,3,1,0,0,5,1,1
1,38,4,3,2,0,1,0,4,35,1,0,1,18,0,1,2,1,3,2,0,0,2,0,1
1,16,1,3,3,0,1,0,4,30,4,0,1,21,0,1,2,1,3,2,1,0,5,1,1
0,40,1,1,4,1,1,0,4,33,2,0,1,18,0,1,3,1,1,2,1,0,5,1,2
1,42,4,3,2,0,1,0,0,36,3,0,2,18,0,1,2,1,2,1,1,0,3,0,2
0,83,1,4,4,0,5,0,2,47,3,0,1,36,1,1,1,1,3,1,1,0,5,0,2
0,67,2,4,4,0,5,0,3,38,3,0,2,48,0,1,1,1,3,2,1,0,3,0,1
1,24,4,3,2,0,3,0,3,44,3,0,2,24,0,1,2,1,3,2,1,0,3,0,1
0,12,1,3,3,1,1,0,2,23,2,0,1,18,0,1,1,1,3,2,1,0,2,1,2
0,118,1,3,4,1,1,0,0,29,3,0,1,45,0,1,2,1,3,1,1,0,5,0,2
1,51,2,3,4,0,5,0,2,42,2,0,1,24,0,1,1,1,3,2,1,0,5,0,1
1,23,3,1,3,0,1,1,2,25,2,0,1,15,0,1,1,1,3,1,0,0,2,0,2
1,11,1,3,4,0,1,0,0,48,3,0,1,12,0,1,2,1,1,1,1,0,3,1,2
1,9,4,3,2,0,5,0,2,21,2,0,1,12,0,1,1,1,3,1,1,0,3,0,1
0,6,4,1,3,1,1,1,2,23,2,0,2,4,0,1,1,1,3,1,0,0,2,0,1
1,30,1,2,4,0,1,0,4,63,3,0,1,24,1,1,2,1,3,2,1,0,5,0,1
1,26,4,1,3,0,1,0,4,46,4,0,1,24,0,1,2,0,3,1,1,1,5,0,1
1,52,1,2,2,0,1,0,2,29,3,0,1,36,0,1,1,1,3,1,1,0,4,0,2
1,30,4,1,2,0,1,1,3,28,3,0,1,21,1,1,2,1,2,1,0,0,3,0,1
1,19,4,1,4,0,1,0,2,23,2,0,1,18,0,1,1,1,3,1,1,0,2,0,2
1,16,4,3,4,0,1,0,1,50,3,0,1,24,0,1,1,1,1,2,1,0,4,0,1
1,34,4,2,4,0,1,0,2,47,3,0,2,18,0,1,3,1,1,2,1,0,5,0,1
1,40,2,3,3,0,5,0,2,35,3,0,1,21,0,1,1,1,3,2,1,0,4,0,1
0,68,4,3,4,1,5,0,2,68,3,0,1,18,0,1,2,1,3,1,1,0,3,1,2
1,12,4,1,2,0,1,0,2,28,4,0,1,24,0,1,1,1,3,1,1,0,2,1,1
1,14,1,1,4,0,1,0,2,59,3,0,1,9,0,1,1,1,3,1,1,0,4,0,1
1,7,1,1,4,0,1,1,2,57,3,0,1,12,0,1,1,1,2,1,0,0,5,0,2
0,22,1,2,2,1,1,0,4,33,4,0,1,20,0,2,2,0,1,1,1,0,3,1,2
1,40,4,2,4,0,5,0,4,43,3,0,1,24,1,1,2,1,3,2,1,0,4,0,1
0,15,4,4,4,0,1,0,4,35,3,0,1,15,0,1,2,1,3,2,1,0,3,0,1
0,14,1,4,4,0,1,1,1,32,3,0,2,18,0,1,2,1,3,1,0,0,4,1,2
1,109,4,3,2,0,1,0,3,45,3,0,2,36,0,1,2,1,3,2,1,0,5,1,1
1,15,4,1,3,0,2,0,2,33,4,0,1,24,0,1,1,1,3,2,1,0,2,1,1
1,9,4,2,3,0,5,0,2,40,2,0,1,10,0,1,1,1,3,2,1,0,4,0,1
0,33,4,4,2,0,1,0,4,28,3,0,1,15,0,1,1,1,3,2,1,0,3,0,1
1,40,1,2,2,0,1,0,2,29,2,0,1,15,0,1,1,1,3,2,1,0,3,1,2
0,36,4,1,2,1,2,0,2,26,3,0,2,9,0,2,1,0,3,1,1,0,3,1,1
1,58,4,1,2,0,4,0,4,27,3,0,1,24,1,1,2,1,3,1,1,0,3,0,1
1,22,4,3,2,0,1,0,3,28,4,0,1,18,0,1,1,1,3,2,1,0,3,0,2
1,24,1,1,4,0,1,0,2,35,2,0,1,24,0,1,1,1,3,2,1,0,2,0,2
1,45,4,1,2,0,4,1,4,32,3,0,2,27,0,1,2,1,2,2,0,0,2,0,1
0,22,4,1,2,1,1,1,2,25,3,0,1,10,0,1,1,1,1,1,0,0,3,0,2
0,22,4,3,4,1,3,0,2,20,2,0,1,15,0,1,1,1,3,1,1,0,3,0,1
1,24,1,3,1,0,1,0,2,27,2,0,1,18,0,1,1,1,2,1,1,0,2,0,1
1,33,4,2,4,0,1,0,4,42,3,0,1,12,0,1,1,1,2,1,1,0,5,0,1
1,74,4,2,2,0,5,0,2,37,3,0,1,36,0,1,2,1,3,1,1,0,5,0,1
0,7,1,2,4,1,1,0,2,24,2,0,1,12,0,1,1,1,3,1,1,0,5,0,1
1,77,4,3,4,0,3,0,3,40,2,0,1,36,0,1,2,1,3,2,1,0,4,0,1
1,13,3,1,4,0,1,0,4,46,3,0,2,6,0,2,2,1,3,1,1,0,5,1,1
1,14,1,1,1,0,2,0,4,26,3,0,1,24,0,1,2,1,3,2,1,0,4,0,1
1,9,4,1,1,0,5,0,2,24,2,0,1,15,0,1,1,1,3,1,1,0,2,0,1
1,36,1,2,2,0,1,1,2,29,3,0,2,12,0,1,1,0,3,1,0,1,3,0,1
1,13,2,3,4,0,4,0,4,40,2,0,1,11,0,1,2,1,3,1,1,0,3,1,1
0,19,1,4,4,0,1,0,1,36,3,0,1,18,0,1,1,0,1,2,0,1,2,0,1
1,36,4,3,2,0,1,0,2,28,3,0,1,36,0,1,1,1,3,1,1,0,5,0,1
0,14,1,4,2,0,1,0,2,27,3,0,1,9,0,1,1,1,3,2,0,0,2,1,2
1,67,4,2,3,0,5,0,4,36,3,0,1,30,0,1,2,1,3,1,1,0,4,0,1
1,78,4,3,3,0,1,0,2,38,3,0,1,24,1,1,1,1,3,2,0,0,4,0,1
0,93,4,4,4,0,5,0,2,48,1,0,1,24,1,1,1,1,3,2,1,0,3,0,1
1,22,2,1,4,0,5,0,4,36,3,0,1,30,0,1,2,1,3,1,1,0,5,1,1
1,11,4,3,4,0,1,0,4,65,2,1,1,18,0,1,2,1,3,1,0,0,1,0,1
1,41,2,3,3,0,1,0,2,43,1,0,1,24,0,1,1,1,3,2,1,0,4,0,2
1,8,1,2,4,0,1,0,2,53,2,0,1,12,0,1,1,1,3,1,1,0,2,0,2
1,28,2,4,3,0,5,0,4,34,3,0,2,24,0,1,2,1,3,2,1,0,4,0,1
1,157,2,3,2,0,1,0,2,23,3,0,1,48,0,1,1,1,3,2,1,0,3,0,2
1,66,4,3,4,0,1,0,4,34,3,0,1,36,0,1,2,1,3,2,0,0,5,1,1
0,78,4,1,4,1,5,0,1,40,3,0,2,28,1,1,2,0,1,2,1,0,2,0,1
1,24,1,3,4,0,1,0,4,43,3,0,2,27,0,1,4,1,2,2,0,0,5,0,1
1,18,4,3,4,0,1,0,4,46,3,0,1,15,0,1,2,1,3,2,1,0,5,0,1
1,22,1,2,4,0,1,1,4,38,3,0,1,12,0,2,2,1,1,1,0,0,3,1,1
1,58,2,3,4,0,1,0,4,34,3,0,1,36,1,1,2,1,3,2,1,0,3,0,1
1,12,4,2,3,0,5,0,4,29,3,0,1,18,0,1,2,1,3,2,1,0,3,0,1
1,89,4,3,2,0,5,0,3,31,3,0,2,36,1,1,1,1,2,2,0,0,4,0,1
0,26,1,2,4,1,1,0,2,28,2,0,1,21,0,1,1,1,3,2,0,0,2,0,1
1,16,4,2,2,0,4,0,4,35,2,0,1,12,0,2,1,1,3,1,1,0,4,0,1
0,22,4,1,4,1,5,1,2,33,2,0,1,15,0,1,1,1,1,1,0,0,4,0,1
1,42,1,3,3,0,1,0,2,42,3,0,1,18,0,1,1,0,3,1,1,1,3,0,2
0,26,1,2,4,1,1,0,4,43,3,0,1,16,0,1,1,0,1,2,1,0,5,1,2
1,35,4,1,4,0,5,0,4,44,1,0,1,20,0,1,2,1,3,2,1,0,2,1,1
0,105,4,4,4,0,5,0,4,42,3,0,1,36,1,1,2,1,3,1,1,0,5,0,1
0,14,4,1,2,1,5,0,2,40,4,0,1,15,0,1,1,1,3,2,1,0,3,0,1
1,13,4,1,1,0,1,0,2,36,3,0,1,24,0,1,1,1,3,2,0,0,5,0,1
0,11,1,1,2,1,1,0,2,20,3,0,2,12,0,1,1,1,3,2,0,0,3,0,1
1,38,1,1,2,0,5,1,2,24,3,0,1,21,0,2,1,0,3,1,0,1,4,1,1
1,37,2,3,2,0,5,0,2,27,4,0,1,36,0,1,1,1,3,1,1,0,3,0,1
1,36,4,2,2,0,1,1,3,46,2,0,1,15,1,1,2,1,3,1,0,0,2,0,1
1,32,2,1,2,0,5,1,2,33,2,0,1,9,0,1,1,1,3,1,0,0,3,1,1
1,45,4,1,4,0,1,0,3,34,2,0,1,36,0,1,2,1,3,1,1,0,3,0,1
1,47,2,3,4,0,1,1,4,25,2,0,1,24,0,1,1,1,1,1,0,0,2,0,2
1,30,2,3,4,0,5,0,2,25,2,0,1,30,0,1,1,1,3,1,1,0,5,0,1
1,21,4,1,2,0,4,0,2,28,1,0,1,11,0,1,1,1,3,2,1,0,5,0,1
0,32,1,2,2,1,1,0,1,31,3,0,1,24,0,1,1,1,3,2,1,0,3,0,2
1,184,2,2,2,0,1,0,0,32,2,0,1,48,0,2,1,1,1,2,0,0,3,0,2
1,28,4,1,2,0,2,0,2,32,3,0,2,10,1,1,1,0,3,1,1,1,3,0,1
1,149,1,4,4,0,1,0,2,68,3,0,1,6,0,1,1,1,1,2,0,0,5,1,2
1,24,1,2,1,0,2,0,2,33,1,0,1,24,0,1,1,1,3,1,1,0,1,0,2
0,33,1,2,2,1,1,0,2,39,3,0,1,24,0,1,1,1,3,2,0,0,5,0,2
1,18,4,4,2,0,1,0,4,28,2,0,1,18,0,1,2,1,3,1,1,0,3,0,1
1,127,4,3,1,0,3,0,3,37,3,0,1,48,0,1,1,1,3,2,0,0,4,0,1
0,14,1,2,4,1,1,0,2,22,2,0,1,9,0,1,1,1,3,1,1,0,2,0,2
0,20,2,2,4,1,1,0,2,30,3,0,2,12,0,1,1,1,3,2,1,0,4,1,1
1,69,1,2,1,0,1,0,1,55,1,0,1,24,0,1,1,1,1,2,1,0,2,0,2
1,7,1,3,2,0,1,0,1,46,3,0,1,12,0,1,2,1,1,2,1,0,2,1,2
0,10,1,2,4,1,1,0,4,21,2,0,1,18,0,1,1,1,3,1,1,0,2,0,1
0,103,1,4,4,0,1,0,2,39,3,0,2,48,1,1,3,1,2,2,1,0,4,0,2
1,19,4,3,4,0,5,0,2,58,3,0,1,30,0,1,1,1,3,2,1,0,5,0,1
1,13,1,1,2,0,1,1,3,43,3,0,2,12,0,1,2,1,3,1,0,0,3,1,1
1,17,1,2,1,0,1,1,2,24,3,0,1,24,0,2,1,0,3,1,0,1,2,0,1
1,17,2,3,2,0,1,0,2,22,2,0,1,9,0,1,1,1,3,2,1,0,2,0,2
1,12,4,1,1,0,1,0,4,30,3,0,1,9,0,1,2,1,3,1,1,0,3,1,1
1,5,4,2,4,0,3,0,4,42,3,0,2,12,0,1,2,1,3,2,1,0,5,0,1
1,15,1,3,1,0,1,0,2,23,2,0,1,12,0,1,1,1,1,1,1,0,3,0,1
1,19,2,4,3,0,2,0,3,30,3,0,1,30,0,1,2,1,2,1,0,0,2,0,2
1,7,3,1,2,0,1,1,2,28,2,0,1,9,0,1,1,1,3,1,0,0,3,0,2
0,21,2,3,3,1,1,0,2,30,4,0,1,6,0,1,1,1,3,2,0,0,2,0,1
0,63,2,4,4,0,1,0,2,42,3,0,1,60,0,1,1,1,3,1,1,0,3,0,2
1,68,4,2,4,0,5,0,4,46,3,0,2,24,1,1,2,1,3,2,0,0,3,0,1
1,35,4,2,3,0,5,0,2,45,3,0,2,12,0,1,1,1,3,2,0,0,2,1,1
1,15,4,1,2,0,1,1,2,31,3,0,2,10,0,2,1,1,3,1,0,0,3,1,1
1,9,4,3,2,0,5,0,2,31,3,0,1,24,0,1,1,1,2,2,1,0,4,0,1
1,15,4,1,1,0,1,1,4,42,3,0,2,4,0,1,3,1,3,1,0,0,4,1,1
0,18,1,2,1,1,1,0,2,46,2,0,1,15,0,1,1,0,3,1,1,0,2,0,1
1,84,2,3,1,0,3,0,0,30,2,0,1,48,0,1,2,1,3,1,1,0,2,1,1
0,33,1,4,4,0,3,0,1,30,3,0,2,24,0,1,1,1,3,2,1,0,2,0,2
1,29,4,4,4,0,5,0,2,38,3,0,1,12,0,1,1,1,3,2,0,0,1,1,1
1,15,4,2,1,0,1,1,2,43,4,0,2,18,0,1,1,0,3,1,0,1,2,0,2
1,36,4,3,4,0,2,0,2,31,3,0,1,24,0,1,2,1,3,1,1,0,5,0,2
1,36,2,3,3,0,1,0,4,40,4,1,2,18,0,1,3,1,3,2,0,0,1,0,1
1,21,1,3,1,0,1,0,3,24,3,0,1,36,0,1,2,1,3,2,1,0,4,0,2
0,41,2,3,4,1,3,0,2,28,2,0,1,24,1,1,1,1,3,1,1,0,2,0,2
1,110,4,3,2,0,1,0,2,26,2,0,1,36,0,1,2,1,3,2,0,0,1,0,2
1,19,1,2,4,0,1,0,2,29,2,0,1,12,0,1,1,0,3,2,1,0,3,1,1
0,12,1,2,4,1,4,0,4,57,2,0,1,24,0,1,2,1,3,2,0,0,5,0,1
1,37,3,2,4,0,5,1,4,49,3,0,1,30,0,1,2,1,2,1,0,0,5,0,1
1,12,2,1,4,0,1,1,4,37,3,0,1,9,0,1,3,1,3,1,0,0,5,0,1
1,40,1,3,2,0,1,1,2,45,3,0,1,28,0,1,1,1,3,1,0,0,3,1,2
0,31,2,4,4,0,2,0,2,30,3,0,1,24,0,1,1,1,3,1,1,0,5,0,1
0,17,4,1,2,1,1,0,4,30,4,0,1,6,0,1,2,1,3,1,1,0,5,0,1
1,24,2,2,4,0,1,0,3,47,1,0,1,21,0,1,2,1,3,1,1,0,3,1,1
1,36,4,4,2,0,5,0,2,29,3,0,1,15,0,1,1,1,3,1,1,0,3,1,1
1,24,4,3,2,0,3,0,2,35,3,0,1,24,0,1,2,1,1,2,1,0,5,0,2
1,5,2,2,1,0,1,1,2,22,4,0,1,6,0,1,1,1,3,1,0,0,2,0,1
1,17,2,3,1,0,5,0,2,26,2,0,1,30,0,1,1,1,3,1,1,0,3,0,1
1,25,2,2,2,0,3,1,4,23,3,0,1,27,0,1,2,1,3,1,0,0,3,0,2
0,36,4,3,2,1,1,0,2,54,2,0,1,15,0,1,1,1,1,2,0,0,5,0,1
0,72,4,2,4,1,5,0,2,29,4,0,1,42,0,1,1,1,3,2,1,0,4,0,1
1,39,1,1,2,0,1,1,4,40,3,0,2,11,0,1,2,1,3,1,0,0,3,1,1
1,15,2,1,2,0,2,0,2,22,3,0,1,15,0,1,1,0,3,1,1,0,3,0,1
1,74,4,2,4,0,1,1,2,43,3,0,2,24,0,1,1,1,3,1,0,0,3,1,1
0,12,1,4,4,1,1,0,1,29,2,1,1,24,0,1,2,0,3,1,0,1,1,1,2
0,73,1,4,4,1,1,0,2,36,3,0,1,60,0,1,1,0,3,1,1,1,5,0,2
1,28,4,3,2,0,1,0,4,33,2,0,1,30,0,1,1,1,3,2,1,0,3,0,1
1,13,3,3,3,0,3,1,2,57,2,0,1,24,0,1,1,1,3,1,0,0,3,0,1
1,8,2,1,3,0,1,0,2,64,2,0,1,6,0,1,1,0,3,1,1,0,3,0,1
1,24,2,2,2,0,5,0,3,42,3,0,1,18,0,1,2,1,3,1,1,0,5,0,1
1,25,4,3,4,0,1,1,3,47,3,0,2,24,0,1,2,1,3,1,0,0,5,1,2
0,13,2,2,2,1,2,0,1,25,4,0,1,15,0,1,1,1,3,1,1,0,3,1,2
1,84,2,2,2,0,1,0,4,49,3,0,1,30,0,1,1,1,3,1,1,0,4,0,2
0,48,4,3,2,1,1,0,2,33,3,0,1,48,0,1,1,1,1,2,0,0,1,0,2
1,29,3,3,1,0,2,0,2,28,2,0,1,21,0,1,1,1,1,2,0,0,3,1,1
1,82,1,2,2,0,1,0,2,26,3,0,2,36,1,1,1,1,3,1,1,0,3,0,2
1,20,4,2,2,0,1,1,4,30,3,0,1,24,0,1,2,1,3,1,0,0,4,0,1
0,14,1,2,3,1,1,0,4,25,2,0,1,15,0,1,2,1,3,1,1,0,3,0,1
1,63,3,2,1,0,1,0,0,33,1,0,1,42,0,1,2,1,3,1,1,0,2,0,1
1,14,4,1,4,0,2,0,2,64,2,0,1,13,0,1,1,1,3,1,1,0,1,0,1
0,66,1,4,2,0,1,0,2,29,3,0,1,24,1,1,1,1,3,2,0,0,1,0,1
1,17,2,2,2,0,1,1,4,48,3,0,1,24,0,1,2,1,3,1,0,0,5,0,1
1,36,4,2,1,0,5,1,4,37,3,0,2,12,0,1,2,1,3,1,0,0,2,0,1
1,16,4,3,4,0,2,1,1,34,3,0,2,15,0,1,1,1,1,1,0,0,5,0,1
0,19,1,3,4,1,5,1,2,23,4,0,1,18,0,1,2,1,3,1,0,0,4,0,1
1,40,1,2,3,0,1,0,2,30,3,0,1,36,0,1,1,1,3,2,0,0,1,0,1
1,24,4,3,3,0,5,0,2,50,3,0,1,12,0,1,1,1,3,2,1,0,5,1,1
1,17,4,1,4,0,1,1,2,31,2,0,1,12,0,1,1,1,3,1,0,0,4,0,1
1,39,1,2,4,0,1,0,2,40,1,0,1,30,1,1,1,1,3,2,0,0,3,0,1
1,8,4,3,4,0,1,0,2,38,3,0,1,12,0,1,1,1,3,1,1,0,5,0,1
0,18,1,4,4,0,1,0,2,23,3,0,1,45,0,1,1,1,3,2,1,0,3,0,2
1,46,2,3,4,0,2,0,4,27,3,0,1,45,1,1,1,1,3,1,1,0,1,0,1
